an,ror_id
7192470,052ahj806
7192470,02kzqn938
7192472,01r4q9n85
7192472,04f2nsd36
7192474,03rmrcq20
7192474,0190ak572
7192474,03v4gjf40
7192474,00d7xrm67
7192474,00za53h95
7192475,0429kgt51
7192475,00za53h95
7192475,0316ej306
7192476,01naq7912
7192476,042tfbd02
7192476,0220k9r37
7192476,00675rp98
7192477,03qryx823
7192477,00f54p054
7192477,00za53h95
7192478,05x2bcf33
7192479,03rmrcq20
7192479,03czfpz43
7192480,030hj3061
7192481,03prydq77
7192481,03613d656
7192482,03prydq77
7192482,03613d656
7192483,00d7xrm67
7192483,01faaaf77
7192484,00d7xrm67
7192484,01faaaf77
7192485,054pv6659
7192486,04ers2y35
7192487,03yj89h83
7192487,02jx3x895
7192488,03rmrcq20
7192488,013meh722
7192489,01nfmeh72
7192490,04qzfn040
7192490,0303y7a51
7192490,02exxtn84
7192491,013v3cc28
7192492,03p15s250
7192493,037skf023
7192493,02qkhhn56
7192494,026vcq606
7192494,02x4af624
7192495,0105bda30
7192496,05sj3n476
7192496,03j85fc72
7192497,044deqz63
7192497,00dd6af44
7192498,04mghma93
7192499,03x80pn82
7192499,04cyy9943
7192500,03ppy8d91
7192500,04yzxz566
7192501,00f1zfq44
7192502,04bgbsx11
7192502,012tb2g32
7192503,017cjz748
7192504,03x80pn82
7192505,02hpadn98
7192506,03ht1xw27
7192506,049tgcd06
7192507,03ceheh96
7192507,02mr3ar13
7192507,013zjb662
7192508,02m9vrb24
7192508,05htk5m33
7192509,00wk2mp56
7192510,04qxnmv42
7192511,04e6y1282
7192511,04gtjhw98
7192512,052y05165
7192512,03x80pn82
7192513,01yqg2h08
7192514,02s376052
7192514,00djv2c17
7192515,05nkgk822
7192516,03ad39j10
7192516,015m7wh34
7192516,00kf1a996
7192517,04gtjhw98
7192517,05xjevr11
7192517,00gx3j908
7192518,0105bda30
7192519,00p9vpz11
7192519,02ksmb993
7192520,02ma4wv74
7192520,03zd3ta61
7192521,02p5xjf12
7192521,00wk2mp56
7192522,04ypx8c21
7192522,0360zcg91
7192523,04xhy8q59
7192523,034agrd14
7192523,01zntxs11
7192523,00mcjh785
7192524,03c44v465
7192524,00vja3713
7192525,0152zzg30
7192525,031bsb921
7192526,048tbm396
7192526,05ht0mh31
7192527,02ks8qq67
7192527,01jsq2704
7192528,01y0j0j86
7192528,03ad39j10
7192529,03x80pn82
7192530,01yxwrh59
7192530,05g13zd79
7192531,040t43x18
7192532,04njjy449
7192533,04eg5s337
7192533,01ynf4891
7192534,04yqxxq63
7192535,05by9mg64
7192536,04qr3zq92
7192537,01y0j0j86
7192539,04ka8rx28
7192539,02cc4gc68
7192540,05591te55
7192540,01xtthb56
7192540,0245cg223
7192541,006teas31
7192542,02558wk32
7192543,051hvcm98
7192543,01y1kjr75
7192543,03xvggv44
7192544,03ths8210
7192544,02x99ac45
7192545,00bwhj131
7192545,00qv0tw17
7192546,036rp1748
7192546,04eyc6d95
7192546,022yres73
7192546,051nvp675 
7192547,04s1nv328
7192547,047908t24
7192547,0039d5757
7192547,02cafbr77
7192547,04vdpck27
7192548,00rzspn62
7192549,02p77k626
7192549,05syd6y78
7192549,036rp1748
7192550,032bg8m67
7192550,047908t24
7192550,00cs91c30
7192550,00x51ts23
7192551,035b05819
7192551,00ngrq502
7192552,01ej9dk98
7192552,01teme464
7192553,00965bg92
7192553,016jp5b92
7192554,00cf0ab87
7192555,03ceheh96
7192555,05gbn2817
7192556,00wtvfq62
7192557,05w0e5j23
7192558,00p991c53
7192558,05crjpb27
7192558,043bpky34
7192559,047s2c258
7192560,002v2kq79
7192560,036rp1748
7192560,03tn5ee41
7192560,047908t24
7192561,01b8kcc49
7192562,02g7kd627
7192563,00mkhxb43
7192564,035gwtk09
7192564,01y1kjr75
7192565,00q2w1j53
7192566,05n0tzs53
7192566,03dbr7087
7192567,02kswqa67
7192568,05cwbxa29
7192569,052pakb34
7192569,00js3aw79
7192570,00dbd8b73
7192571,05s92vm98
7192572,00f54p054
7192572,01yj56c84
7192573,047s2c258
7192573,00h6vxx49
7192574,03yez3163
7192574,021jt1927
7192574,02my4wj17
7192575,02b6qw903
7192575,013q1eq08
7192576,00qfnf017
7192577,02fa3aq29
7192577,0043h8f16
7192577,04tft4718
7192578,008s83205
7192578,014wfj781
7192578,03xrrjk67
7192579,03n2mgj60
7192579,047908t24
7192579,03rk9sq81
7192579,04kwvgz42
7192580,031q21x57
7192580,03r24vd05
7192581,022yres73
7192581,00pjdza24
7192582,02fa3aq29
7192582,05d2yfz11
7192583,04s9hft57
7192583,02rgb2k63
7192584,041pakw92
7192585,002k8gm39
7192585,02retg991
7192585,04jpmwt24
7192586,03yjb2x39
7192587,04yqw9c44
7192587,0176yjw32
7192588,00pjdza24
7192588,05dxps055
7192589,04s9hft57
7192590,00z58xw11
7192590,04bqqa360
7192591,04teye511
7192591,04yqw9c44
7192592,034t30j35
7192592,02n96ep67
7192592,031t68441
7192592,00wtvfq62
7192593,03vek6s52
7192594,05a28rw58
7192595,04dawnj30
7192595,022k4wk35
7192595,02xe5ns62
7192596,036rp1748
7192597,02xfp8v59
7192598,041pakw92
7192599,03rsgdh53
7192600,0569mkk41
7192600,02nkdxk79
7192600,0406gha72
7192601,00k85q565
7192601,04agmb972
7192602,00g6ka752
7192602,05khxfe53
7192603,027m9bs27
7192603,04kwvgz42
7192604,05abs3w97
7192605,04haebc03
7192605,02qtvee93
7192606,041pakw92
7192607,04j351e79
7192607,02wn5qz54
7192608,05fp9g671
7192609,05j1kc284
7192609,04v3ywz14
7192610,03te4vd35
7192610,01wntqw50
7192612,03xpwj629
7192612,01n7x9n08
7192612,01y1kjr75
7192613,02smfhw86
7192613,0153tk833
7192614,03ayjn504
7192614,034aqab36
7192615,05n2cz176
7192616,01x8rc503
7192617,02smfhw86
7192617,02fa3aq29
7192618,01scyh794
7192618,0555ezg60
7192619,02gdzyx04
7192619,00yqvtm78
7192620,03ths8210
7192620,0321tjn48
7192620,03n6nwv02
7192621,05vf56z40
7192622,00mcjh785
7192623,02kb89c09
7192624,05wxkj555
7192625,04s9hft57
7192626,00dbd8b73
7192627,01vmfpj79
7192629,00g0p6g84
7192629,02fa3aq29
7192630,03xcn0p72
7192631,048sx0r50
7192631,029gksw03
7192632,04gcegc37
7192632,033vjfk17
7192632,04yqxxq63
7192634,01kj2bm70
7192634,03k3p7647
7192634,05p6qqk79
7192634,05510vn56
7192635,01kj2bm70
7192635,02crff812
7192635,05510vn56
7192636,04exg7985
7192636,02cafbr77
7192636,00h9jrb69
7192637,041yk2d64
7192638,05510vn56
7192638,0460jpj73
7192638,04dndfk38
7192638,01kj2bm70
7192639,03k3p7647
7192639,05p6qqk79
7192639,04ka8rx28
7192640,00013q465
7192641,05510vn56
7192641,02cafbr77
7192641,049emcs32
7192642,04wffgt70
7192642,03ths8210
7192643,04m5j1k67
7192643,02ynb0474
7192644,0555ezg60
7192645,00mcjh785
7192645,03tgsfw79
7192646,02263ky35
7192646,051kpcy16
7192646,016jp5b92
7192647,05wxkj555
7192649,03jqp6d56
7192649,02cc4gc68
7192649,04ka8rx28
7192649,00afp2z80
7192650,022yres73
7192650,036rp1748
7192651,01ej9dk98
7192651,006x48140
7192652,01y1kjr75
7192652,035gwtk09
7192653,036rp1748
7192654,02c22vc57
7192654,04ers2y35
7192654,0527w8j59
7192655,02315by94
7192655,00cf0ab87
7192655,04zj2bd87
7192656,05mzfcs16
7192657,02jf3sn72
7192657,01bsn4x02
7192658,00q09pe49
7192659,053g6we49
7192659,00z58xw11
7192659,01kh5gc44
7192660,01j99nc54
7192660,05smtc341
7192661,05nz37n09
7192662,0040axw97
7192663,04njjy449
7192663,003d3xx08
7192664,00bqnfa53
7192664,00a2xv884
7192665,00q4vv597
7192666,03ceheh96
7192667,05yc6p159
7192667,04h9pn542
7192667,0060vt104
7192668,00t33hh48
7192668,04qr3zq92
7192668,043dxc061
7192668,017zhmm22
7192669,00bqnfa53
7192669,05x817c41
7192670,04zmdqe71
7192671,03yjb2x39
7192672,00xp9wg62
7192673,01q1z8k08
7192673,011aa4g29
7192674,04kwvgz42
7192675,04h9pn542
7192676,00dbd8b73
7192677,02rkvz144
7192677,05db1pj03
7192678,03ayjn504
7192678,03a64bh57
7192678,03f099r71
7192678,03kjmz544
7192678,036rp1748
7192679,04xnqep60
7192679,01vy4gh70
7192680,00v97ad02
7192680,01dyr7034
7192680,046fkpt18
7192681,02t0qr014
7192682,0122p5f64
7192683,01y0j0j86
7192683,0220qvk04
7192683,01r4q9n85
7192684,03e29r284
7192685,00yhnba62
7192686,00nqqvk19
7192686,02my4wj17
7192686,04kwvgz42
7192686,017zqws13
7192687,00z58xw11
7192687,002rc4w13
7192687,047908t24
7192687,04s9hft57
7192689,001m1hv61
7192689,02j1m6098
7192689,01f5ytq51
7192690,03nawhv43
7192690,010x8gc63
7192691,01tgyzw49
7192693,01kg8sb98
7192693,03k1gpj17
7192694,04zxtq045
7192694,03tgsfw79
7192695,018bzp792
7192696,04teye511
7192696,047rhhm47
7192697,03xrrjk67
7192697,02b6qw903
7192698,047908t24
7192698,01b78mz79
7192699,05apxxy63
7192700,00a4kqq17
7192701,02wcpmn42
7192701,05nz37n09
7192701,01wntqw50
7192702,01e8ff003
7192703,00g325k81
7192703,0086rpr26
7192703,05x817c41
7192704,02be6w209
7192706,03taz7m60
7192706,01nrxwf90
7192706,00vtgdb53
7192707,05bxb3784
7192707,03gk81f96
7192707,05vn3ca78
7192707,02w8ws377
7192708,0524sp257
7192708,03dbr7087
7192708,05n0tzs53
7192709,00hn7w693
7192709,02crz6e12
7192709,02j1m6098
7192710,02t2qwf81
7192710,04s9hft57
7192711,019whta54
7192711,05a28rw58
7192712,02558wk32
7192712,03g4hym73
7192713,02gdzyx04
7192714,009ey6w22
7192715,009ey6w22
7192716,01x41eb05
7192716,00g6ka752
7192717,05g3dte14
7192718,01tgyzw49
7192718,047272k79
7192719,00ay7va13
7192719,017zqws13
7192720,04wn09761
7192720,05sxf4h28
7192721,03ceheh96
7192721,041qf4r12
7192721,0207yh398
7192722,01kpzv902
7192722,023pm6532
7192723,056szk247
7192723,03x1jna21
7192724,02c2kyt77
7192724,012p63287
7192724,03cv38k47
7192724,05f950310
7192724,04nbhqj75
7192725,04wn09761
7192725,01b78mz79
7192725,036rp1748
7192726,00nqb1v70
7192727,00wtvfq62
7192727,03v76x132
7192727,056am2717
7192728,05fq50484
7192729,017zhmm22
7192730,0174shg90
7192731,01ynf4891
7192731,00wjc7c48
7192732,00zdnkx70
7192733,027m9bs27
7192734,00wk2mp56
7192735,022k4wk35
7192736,02retg991
7192737,019wvm592
7192737,03cve4549
7192737,02bfwt286
7192737,0384j8v12
7192738,02t274463
7192738,00hx57361
7192739,05gq02987
7192740,0168r3w48
7192740,03vek6s52
7192740,042nb2s44
7192741,05tt5nr09
7192741,0542q3127
7192742,050vh8780
7192742,01s7y5e82
7192743,044ghaj56
7192744,01f1ses45
7192745,02q865m71
7192745,00d18mr25
7192745,00rwcdf75
7192746,0576vga12
7192747,04qs5en05
7192749,04fbb7514
7192749,0453v4r20
7192749,05tfr6j26
7192749,01v5nhr20
7192749,03xygw105
7192752,02kn6nx58
7192753,00jjtmm83
7192753,02y9nww90
7192754,00pjdza24
7192755,02558wk32
7192759,04d5vba33
7192759,01zntxs11
7192759,043cec594
7192760,052ahj806
7192760,00mny5z95
7192760,035xkbk20
7192760,01drq0835
7192760,047van922
7192760,03vs46t66
7192760,00675rp98
7192760,051kpcy16
7192760,04d4sd432
7192761,00p991c53
7192762,012tb2g32
7192763,02eva5865
7192763,046ak2485
7192764,0360zcg91
7192764,02mb95055
7192765,02309jg23
7192765,036rp1748
7192766,02m8tb249
7192767,01a77tt86
7192778,03srtnf24
7192779,01q1z8k08
7192794,00f1zfq44
7192794,040wg7k59
7192794,03v4gjf40
7192794,01yqg2h08
7192795,013meh722
7192796,01a77tt86
7192797,00cvxb145
7192797,03zbnzt98
7192798,02rdkx920
7192798,03rwgpn18
7192799,034t30j35
7192799,017zqws13
7192800,055khg266
7192800,035jnav47
7192800,006hf6230
7192800,008xxew50
7192800,035xkbk20
7192800,052ahj806
7192800,04bgbbh33
7192800,040baw385
7192800,02c2kyt77
7192801,047272k79
7192801,00adjwa30
7192801,023hj5876
7192802,026vcq606
7192802,01e3m7079
7192802,013meh722
7192803,05s6rge65
7192804,05g3dte14
7192805,01dq60k83
7192806,02jx3x895
7192806,00tyjp878
7192808,03dbr7087
7192808,05b69xa56
7192808,04mhzgx49
7192809,03qryx823
7192810,011pqxa69
7192810,00675rp98
7192810,03mq68c95
7192810,02n7qrg46
7192810,00520ze08
7192810,04kwfkk85
7192811,02fa3aq29
7192811,048sx0r50
7192829,02g81yf77
7192829,01yxwrh59
7192829,01rxvg760
7192830,04hdbtc84
7192830,01fczmh85
7192831,02pcb5m77
7192831,0574der91
7192832,059gw8r13
7192833,056wqre19
7192834,00wdq3744
7192835,04w9fbh59
7192835,02x1pa065
7192836,04j3vr751
7192836,00f1zfq44
7192837,031dhcv14
7192837,01evb6z23
7192837,02ma4wv74
7192837,00shsf120
7192838,011647w73
7192838,059w0gb06
7192838,01xgfaw76
7192839,039bjqg32
7192839,04z8k9a98
7192839,03nf36p02
7192840,00menq219
7192840,01jaaym28
7192840,04kwvgz42
7192841,03cq4gr50
7192842,02s8x5a25
7192843,02f81g417
7192844,05h9t7759
7192845,042v6xz23
7192845,00f1zfq44
7192846,04fz79c74
7192846,0554d9k40
7192846,047van922
7192847,03c8sfz84
7192847,0360g3z42
7192848,03p3aeb86
7192848,03144pv92
7192849,028h95t32
7192850,00xsfaz62
7192850,03kv08d37
7192851,019htgm96
7192851,00t47w971
7192851,03az1t892
7192851,05v1y0t93
7192852,01wntqw50
7192853,01d5jce07
7192853,054s94437
7192854,01wntqw50
7192854,04njjy449
7192855,007gf6e19
7192855,02frt9q65
7192855,03x1jna21
7192856,03w2j5y17
7192857,0433abe34
7192857,049pfb863
7192857,04t2ss102
7192858,053w1zy07
7192859,03x1jna21
7192860,03d7sax13
7192861,00wk2mp56
7192862,03tn5ee41
7192862,03fe7t173
7192862,053g6we49
7192863,00sbx0y13
7192863,054xkpr46
7192863,01zhwwf82
7192864,04qr3zq92
7192864,01e7csr82
7192865,053w1zy07
7192866,03yez3163
7192866,04xf6nm78
7192867,05es91y67
7192867,04asck240
7192868,02zdscb63
7192868,04njjy449
7192868,02s7hnh67
7192869,053fp5c05
7192870,03n6nwv02
7192870,03ths8210
7192871,029brtt94
7192871,02fd9re36
7192871,03mq68c95
7192871,05njb9z20
7192872,01wntqw50
7192873,05v9jqt67
7192873,04q78tk20
7192874,01kq0pv72
7192875,00bvysh61
7192875,05jk51a88
7192875,01jy46q10
7192876,015ya8798
7192876,03q21mh05
7192876,02rc97e94
7192877,04k89yk85
7192878,03sswts20
7192879,05fsyf340
7192879,03fa2nf38
7192880,04w9fbh59
7192880,03jy32q83
7192881,04kdfz702
7192881,04xf6nm78
7192882,01yjw8d43
7192883,00ee40h97
7192883,02he2nc27
7192883,05qrfxd25
7192883,01w423a47
7192884,01w423a47
7192885,055fe2s59
7192885,05qrfxd25
7192886,05qrfxd25
7192886,02he2nc27
7192887,02he2nc27
7192887,03q0p7c86
7192887,01yecy831
7192888,01qn0gc28
7192889,05qrfxd25
7192889,02he2nc27
7192890,02he2nc27
7192890,05qrfxd25
7192891,00js3aw79
7192891,02he2nc27
7192892,05qrfxd25
7192892,02he2nc27
7192893,05qrfxd25
7192893,01yqewm58
7192894,054gw3b40
7192895,01tsqk383
7192895,03q0vrn42
7192895,05af1fm66
7192895,03b7q7m09
7192895,01rwphz66
7192896,010pmpe69
7192897,02he2nc27
7192897,05qrfxd25
7192898,02he2nc27
7192899,05qrfxd25
7192899,00jzdyg03
7192900,02he2nc27
7192901,038mfx688
7192902,0190ze463
7192902,0362r6n51
7192903,032btfw79
7192903,032j5hw78
7192904,01yqewm58
7192905,05fzc8c45
7192905,04wegbp55
7192906,02he2nc27
7192906,05qrfxd25
7192908,033vjfk17
7192908,02zhqgq86
7192909,04tpp9d61
7192909,00hj54h04
7192909,01ckdn478
7192910,012p63287
7192910,014weej12
7192911,03efmyj29
7192911,00pjdza24
7192911,021nv2831
7192912,03a64bh57
7192912,03h7r5v07
7192914,00f54p054
7192914,011pcwc98
7192915,017zhmm22
7192915,041pakw92
7192915,036jqmy94
7192915,0130frc33
7192915,043ehm030
7192916,01q3tbs38
7192916,01kh5gc44
7192917,04rswrd78
7192917,043mer456
7192918,03wevmz92
7192918,04twxam07
7192919,000xs1x50
7192919,035713c15
7192919,034t30j35
7192919,00wtvfq62
7192919,03gamv550
7192919,00cvxb145
7192920,02jx3x895
7192921,01kd65564
7192921,047s2c258
7192922,01e6qks80
7192923,04haebc03
7192924,02g7kd627
7192925,01tgyzw49
7192925,049tv2d57
7192925,04s5mat29
7192925,00q4vv597
7192926,01pxwe438
7192926,03rmrcq20
7192927,021nv2831
7192927,04wffgt70
7192928,04rswrd78
7192928,035t8zc32
7192929,02ymw8z06
7192929,00js3aw79
7192929,005edt527
7192929,04dawnj30
7192930,04b6x2g63
7192930,05nbqxr67
7192931,00hj8s172
7192931,03sfybe47
7192931,03rmrcq20
7192932,012a77v79
7192933,04rswrd78
7192933,01gek1696
7192933,04h9pn542
7197902,03p14d497
7197902,01a77tt86
7197902,032000t02
7197902,00nmgny79
7197904,04mhzgx49
7197905,02gz6gg07
7197906,03kqpb082
7197906,02en5vm52
7197906,00675rp98
7197906,05krcen59
7197906,013bkhk48
7197908,04rswrd78
7197909,01g9vbr38
7197909,00pjdza24
7197910,031q21x57
7197910,04qr3zq92
7197911,011xvna82
7197911,04bgbsx11
7197912,03cx6bg69
7197912,04v18t651
7197913,03k2k6011
7197913,037wpkx04
7197914,049e6bc10
7197914,01faaaf77
7197914,00ggpsq73
7197914,01kg8sb98
7197915,019wvm592
7197916,00hj54h04
7197917,04gd4wn47
7197918,02c2kyt77
7197918,03vsz6k78
7197918,03ykbk197
7197918,05vf56z40
7197918,00jmfr291
7197919,03cve4549
7197919,047g8vk19
7197919,05vt9qd57
7197920,02nthw835
7197920,05gfjrx96
7197922,04nkhwh30
7197922,04vg4w365
7197923,01qxhf360
7197923,03yxnpp24
7197924,05jhdev04
7197924,03sswts20
7197924,05xvt9f17
7197925,052bz7812
7197925,013cjyk83
7197925,00675rp98
7197926,03vpkt967
7197927,04489at23
7197927,0587ef340
7197928,04qr3zq92
7197928,00wtvfq62
7197928,01geeh261
,02y3wb057
7197928,033vjfk17
7197929,04qxnmv42
7197931,05e9bn444
7197931,01cby8j38
7197932,059yx9a68
7197932,04teye511
7197932,04fybn584
7197933,036c9yv20
7197933,04qtj9h94
7197934,02mpq6x41
7197935,000e0be47
7197937,04gzb2213
7197937,0567v8t28
7197938,039bjqg32
7197938,019tgvf94
7197939,01hhf7w52
7197940,04cvxnb49
7197940,02ws1xc11
7197940,03302rx63
7197940,04qmmjx98
7197941,035pkj773
7197941,00q3fka24
7197942,030mz2444
7197944,01kj4z117
7197944,00675rp98
7197944,05ggc9x40
7197982,02qnnz951
7197982,03btvgn05
7197983,02t274463
7197984,04zj6ee21
7197984,0184n5y84
7197984,00mkhxb43
7197985,029md1766
7197985,01fh86n78
7197985,03ayjn504
7197986,05f8d4e86
7197986,05yb3w112
7197987,00cv9y106
7197987,02jx3x895
7197988,00e4hrk88
7197988,02tv7db43
7197989,04sjchr03
7197990,05f950310
7197990,01ryk1543
7197991,03e269852
7197991,0432jq872
7197992,0207yh398
7197992,018wg9441
7197993,03vpkt967
7197993,01b11x021
7197994,05bnh6r87
7197994,04qyvz380
7197994,04ewct822
7197995,03prydq77
7197995,04b8v1s79
7197996,02495e989
7197996,00rqy9422
7197997,05dx9nr48
7197998,04xs57h96
7197998,00xp9wg62
7197998,03hgxtg28
7197998,04qq4mg80
7197999,027thw408
7198000,05f950310
7198001,03p3aeb86
7198001,05rdf8595
7198001,01azzms13
7198002,00hx57361
7198003,04ydmy275
7198003,05crjpb27
7198003,00pdj1108
7198003,020hwjq30
7198004,046ak2485
7198004,05ngwf943
7198005,05f0yaq80
7198005,020hwjq30
7198005,05ww3wq27
7198005,02jx3x895
7198006,03a64bh57
7198006,05fsyf340
7198007,05crjpb27
7198007,009r6as98
7198007,03ad39j10
7198008,05xg72x27
7198009,00bx6dj65
7198009,057zh3y96
7198035,017zhmm22
7198035,022k4wk35
7198035,0220qvk04
7198035,0145fw131
7198036,03efmqc40
7198037,025h1m602
7198037,057q6n778
7198038,03s65by71
7198039,04t3en479
7198041,021nv2831
7198041,052pakb34
7198042,036rp1748
7198043,04pp8hn57
7198044,05g3dte14
7198045,04h9pn542
7198046,052pakb34
7198046,021nv2831
7198047,01e7v7w47
7198047,00q2w1j53
7198048,037b1pp87
7198049,040c17130
7198050,01wjejq96
7198054,05kzjxq56
7198055,03sbhge02
7198058,02kkvpp62
7198058,01nffqt88
7198059,0255nn983
7198059,02yj55q56
7198060,01wzvw032
7198060,00675rp98
7198060,05sbt2524
7198060,04ett5b41
7198060,03c2nxn64
7198061,02cp04407
7198061,0546v5182
7198062,03jgxzm03
7198063,05s92vm98
7198064,03893we55
7198064,01rxvg760
7198065,01j9p1r26
7198066,02xvvvp28
7198066,0530pts50
7198066,030ffke25
7198067,005781934
7198067,01ckdn478
7198068,01yqg2h08
7198068,00xh1ex65
7198070,00cf0ab87
7198070,00p991c53
7198070,0419nfc77
7198071,05p1j8758
7198071,03gnh5541
7198072,01tjs6929
7198072,02gfc7t72
7198073,03qgg3111
7198073,02495e989
7198074,034t30j35
7198074,01wy3h363
7198074,0207yh398
7198075,04m5j1k67
7198075,00675rp98
7198075,02kvxyf05
7198075,05a0dhs15
7198076,032bw1116
7198076,03yph8055
7198076,00s9d1a36
7198077,01vyrm377
7198078,00shsf120
7198079,01fh86n78
7198079,0220mzb33
7198079,04txgxn49
7198079,03frdh605
7198079,00s7tkw17
7198080,00pjdza24
7198081,04t5xt781
7198082,021cj6z65
7198082,01y0j0j86
7198082,00cf0ab87
7198082,02ma4wv74
7198083,01scyh794
7198083,03zd3ta61
7198084,01j9p1r26
7198085,03b94tp07
7198087,04bxa3v83
7198088,03s8xc553
7198088,0207yh398
7198088,01qzc0f54
7198088,03yh0n709
7198088,04gtjhw98
7198089,023hj5876
7198090,015nj5y87
7198090,027t2s119
7198090,03ayjn504
7198090,009eqmr18
7198090,01bcvhf32
7198091,01vevwk45
7198091,00cf0ab87
7198091,04gtjhw98
7198092,043bpky34
7198092,03xpwj629
7198093,020azk594
7198093,05ar8rn06
7198093,002b7nr53
7198093,014c1mf08
7198094,02ttsq026
7198094,05591te55
7198094,01kj2bm70
7198095,01kj4z117
7198095,02d06s578
7198096,00b30xv10
7198096,01j9p1r26
7198097,04qr3zq92
7198097,009pwww24
7198097,034z67559
7198098,03tqb8s11
7198098,04fht8c22
7198098,02ma4wv74
7198099,00cf0ab87
7198099,02e2c7k09
7198099,05f11g639
7198187,02558wk32
7198187,024c2fq17
7198187,00p991c53
7198188,00hn7w693
7198188,02vm5rt34
7198188,04qr3zq92
7198189,03gbw6p94
7198190,04mkzax54
7198190,00n3w3b69
7198190,041j8js14
7198190,02ma4wv74
7198191,02djqfd08
7198192,02ws1xc11
7198194,04gcegc37
7198194,01yqg2h08
7198194,00f1zfq44
7198195,00tjv0s33
7198195,040c17130
7198196,01nffqt88
7198196,01yqg2h08
7198196,04en8wb91
7198197,04c4dkn09
7198199,017zhmm22
7198199,0576gt767
7198199,03cve4549
7198200,01scyh794
7198201,041j8js14
7198201,02ma4wv74
7198201,04mkzax54
7198202,0091vmj44
7198204,03ceheh96
7198204,00xp9wg62
7198204,04en8wb91
7198205,0176yjw32
7198205,00235nr42
7198206,02txfnf15
7198207,002b7nr53
7198207,05ay23762
7198207,034t30j35
7198207,01r4q9n85
7198208,00f1zfq44
7198209,01scyh794
7198210,049tgcd06
7198211,02txfnf15
7198211,012tb2g32
7198212,01yqg2h08
7198213,02djqfd08
7198213,0576gt767
7198213,04c4dkn09
7198214,03dgaqz26
7198214,04azbjn80
7198214,0207yh398
7198214,00eae9z71
7198215,05vf56z40
7198216,01skt4w74
7198217,04y300229
7198217,044wn2t24
7198218,0530pts50
7198219,036trcv74
7198219,053w1zy07
7198220,05bhada84
7198221,00af3sa43
7198221,0451xdy64
7198222,03c8fdb16
7198222,00892tw58
7198222,01scyh794
7198223,00892tw58
7198223,04j757h98
7198223,01skt4w74
7198224,01dcw5w74
7198224,01kj4z117
7198225,0369pvp92
7198225,023hj5876
7198226,00aejfc65
7198227,034t30j35
7198227,05qbk4x57
7198228,00bb9ch64
7198229,0460jpj73
7198229,03y6k2j68
7198230,031f8kt38
7198230,02kta5139
7198231,0460tzy11
7198231,00aejfc65
7198232,01kdzej58
7198232,04azbjn80
7198232,002b7nr53
7198233,017zhmm22
7198234,03y3e3s17
7198234,01skt4w74
7198235,05290cv24
7198235,04vc81p87
7198236,0530pts50
7198236,0574der91
7198237,018hded08
7198238,00cf0ab87
7198239,02afcvw97
7198239,00cf0ab87
7198239,043bpky34
7198240,01a099706
7198240,00a2xv884
7198241,04t5xt781
7198241,00g2ypp58
7198241,043jfav91
7198242,00xbw4a70
7198242,00aejfc65
7198243,04fht8c22
7198243,057qyqy03
7198243,0040axw97
7198243,04q78tk20
7198244,01wjejq96
7198244,02yj55q56
7198245,02z8z1589
7198247,01ahyrz84
7198247,00675rp98
7198247,031rekg67
7198247,04gcegc37
7198248,001hv0k59
7198249,01skt4w74
7198250,01yqg2h08
7198251,00wk2mp56
7198251,04z7qrj66
7198251,02ht4fk33
7198252,03cve4549
7198253,043bpky34
7198253,00e4hrk88
7198253,0220qvk04
7198253,034t30j35
7198254,02djqfd08
7198254,01tgyzw49
7198255,00gtcbp88
7198255,04x383a88
7198255,04t5xt781
7198255,03hjh0h14
7198255,028rypz17
7198256,006teas31
7198256,03f0f6041
7198256,02fj6b627
7198257,043bpky34
7198257,053w1zy07
7198258,03x80pn82
7198258,01yqg2h08
7198259,05hzn5427
7198259,00944ve71
7198260,04ksd4g47
7198297,04qyvz380
7198298,05x2bcf33
7198298,03vek6s52
7198299,03zsp3p94
7198300,00rcvgx40
7198300,01q1z8k08
7198300,03qxff017
7198301,03y7q9t39
7198302,05591te55
7198303,024d6js02
7198304,02nkdxk79
7198305,05ht0mh31
7198308,052r2xn60
7198308,021nv2831
7198309,02qnnz951
7198310,02y3ad647
7198311,03zsp3p94
7198312,01dq60k83
7198314,03mwgfy56
7198315,00240q980
7198316,028wp3y58
7198317,041nas322
7198318,027m9bs27
7198318,05he0t313
7198319,04mhzgx49
7198320,02kta5139
7198320,0245cg223
7198321,05ggc9x40
7198321,02feahw73
7198322,02n7qrg46
7198322,01gyxrk03
7198322,00d7h8p49
7198322,024d6js02
7198323,02ttsq026
7198324,051kpcy16
7198325,01gaw2478
7198326,05bnh6r87
7198327,00ntfnx83
7198328,03mb6wj31
7198328,04d836q62
7198328,03prydq77
7198329,053wftt74
7198329,00mkhxb43
7198330,008x57b05
7198330,04nbhqj75
7198331,05f0rzm15
7198331,040af2s02
7198332,04dawnj30
7198333,00453a208
7198334,005p9kw61
7198334,00pjdza24
7198335,02p77k626
7198336,028wp3y58
7198338,02zc85170
7198339,04atsbb87
7198339,00qseeb08
7198340,02y5xdw18
7198340,020ydms54
7198340,03dcvf827
7198340,02gqgne03
7198340,05tcr1n44
7198340,020ddy191
7669598,04v76ef78
7669598,01y9bpm73
7800289,02vm5rt34
7800289,00b30xv10
7442286,041ndzj79
7442286,01skt4w74
7669596,0384j8v12
7637426,0384j8v12
7637426,00f54p054
7669597,05gq02987
7669597,00mcjh785
8016647,02z0cah89
8006344,0091vmj44
8006344,00y4zzh67
7949357,041jw5813
7949357,05vf56z40
7949358,003ncxf91
8006340,00a2xv884
7949359,04h9pn542
7492711,01y2gf490
7967608,0107c5v14
7967608,03xjwb503
7967608,00675rp98
8009577,05ctdxz19
7949360,05en5nh73
8006341,056wyhh33
7937829,04dkp9463
7764910,053fq8t95
7880454,02xfp8v59
7880454,02jeykk09
8016648,02z0cah89
8016648,01460j859
7565384,04wffgt70
7565384,03db2by73
7565384,05dx9nr48
8006342,05vf56z40
7516579,02dn9h927
7516579,00x5je630
7923122,04zaypm56
7837302,04c4dkn09
7837302,05ar8rn06
7837302,04zj2bd87
8006343,00wdq3744
7987719,01mkqqe32
7987719,05sz9gw20
7987719,0220qvk04
7669586,00aad7q36
7669586,03xrrjk67
7669586,00mv6sv71
7956611,00mkhxb43
7956611,01rxvg760
7669592,04sjchr03
7283036,00wjc7c48
7283036,012ajp527
7220509,0576vga12
7051863,04h699437
7596617,02agqkc58
7340594,02n7qrg46
7340594,05xefg082
7340594,04s8a8w57
7340594,02kta5139
7596617,01aff2v68
7563755,02wgx3e98
7530645,0558j5q12
7563755,02ma4wv74
7442284,04d5vba33
7442284,05pckj715
7039558,03mq68c95
7039558,029brtt94
7039558,052ahj806
7039558,02kzqn938
7702812,01cs0jg44
7702813,01070mq45
7702812,01070mq45
7669594,0563pg902
7669594,03z7kp760
7669594,00g0p6g84
7669594,02rxc7m23
7669594,04fa64g55
7669595,02495e989
7669595,00zdnkx70
7669591,05fg6gr82
7669590,03vpkt967
7669590,01xgj3b22
7669588,04t5xt781
7669588,03xrrjk67
7669587,03xrrjk67
7975827,0411seq30
7285746,0168r3w48
7989117,00pg6eq24
7989117,0524sp257
7989117,01a77tt86
7989117,04f2nsd36
7949353,05sj3n476
7949353,01hcx6992
7949353,046vhnd58
8006337,0091vmj44
7490793,03cq4gr50
7949354,04h9pn542
7949354,00hj8s172
7949354,05x2bcf33
7949354,05apxxy63
7735620,01vyrm377
7949356,02y0rxk19
7949356,01y1kjr75
8006339,041re0e60
6676105,00yn60108
6676106,01ej9dk98
6676105,01rxfrp27
6676106,04d4sd432
6676107,01e7v7w47
6676107,00965bg92
6676108,03wdrmh81
6676109,053p3yv46
6676110,036rp1748
6676110,00kz6qq24
6676111,05pg2cw06
6676112,040f6ar92
6676113,044yd9t77
6676113,0081fs513
6676113,03cqe8w59
6676114,012ajp527
6676115,03stptj97
6676116,02s8k0k61
6676116,03ad39j10
6676117,0106qb496
6676118,05g1mh260
6676119,02tnr6p29
6676119,01kzjzn40
6676120,01kzjzn40
6676120,04d4sd432
6676141,033vjfk17
6676141,037tm7f56
6676142,013q1eq08
6676357,02nkdxk79
6676357,05vzafd60
6676357,02smfhw86
6676358,00pd74e08
6676359,03f0f6041
6676359,00vtgdb53
6676359,05vf56z40
6676359,01ej9dk98
6676360,0030zas98
6676360,00sz56h79
6676360,0040axw97
6676361,02gfys938
6676362,03v76x132
6676363,05n3dz165
6676363,03yj89h83
6676364,023znxa73
6676364,042bbge36
6676364,01rfadg88
6676364,04b1sh213
6676364,05v509s40
6676364,03cbxvt13
6676364,00nnh8h94
6676365,00q6h8f30
6676365,05xvt9f17
6676365,05wg1m734
6676366,035rzkx15
6676366,05qpz1x62
6676367,00q6h8f30
6676367,008xxew50
6676368,00p7p3302
6676368,039965637
6676368,01kd65564
6676369,024z2rq82
6676370,04f2nsd36
6676371,031vc2293
6676372,00hn7w693
6676372,03q8dnn23
6676373,022jz8688
6676374,01scyh794
6676374,023b72294
6676375,00a2xv884
6676375,00675rp98
6676375,05f82e368
6676376,05yc6p159
6676376,04hyzq608
6676376,04gtjhw98
6676377,05ey7mm31
6676378,04c4dkn09
6676378,000vg1h78
6676379,02z0cah89
6676379,051fd9666
6676379,0553yr311
6676380,00wk2mp56
6676381,05vn3ca78
6676382,00wk2mp56
6676384,023znxa73
6676385,0419nfc77
6676386,00892tw58
6676386,043bpky34
6676386,03m96p165
6676386,04j757h98
6676387,03kv08d37
6676387,01skt4w74
6676388,02e7b5302
6676388,04mkzax54
6676389,04mkzax54
6676389,04j757h98
6676389,03b94tp07
6676389,00892tw58
6676390,05m1gnk07
6676390,05syseh24
6676390,056tn4839
6676391,03qvtpc38
6676391,0433kqc49
6676473,03aydme10
6676474,00wdq3744
6676474,014jqnm52
6676474,05t4pvx35
6676475,022kvet57
6676477,01x8hew03
6676478,00saywf64
6676479,0427ycx88
6676479,00d3pnh21
6676479,00n1nz186
6676479,00ab9fg88
6836368,037b1pp87
7113793,047w75g40
7113793,03w2j5y17
7118849,019e4ht86
7118849,01r9htc13
7118849,041akq887
7119981,01drq0835
7119981,021xbwv17
7190282,02xzytt36
7211762,00nt41z93
7211762,00taa2s29
7212523,022k4wk35
7236912,03y3e3s17
7242566,00rs6vg23
7242566,020f3ap87
7242568,02q36eh13
7242568,04hsdam77
7242568,05je2tx78
7242568,021nxhr62
7242568,02dqehb95
7307001,0561n6946
7307001,02hpadn98
7327033,00hj8s172
7333278,05sj3n476
7347171,017zqws13
7349802,00nhtcg76
7349802,029cgt552
7369901,05256ym39
7369902,02d4c4y02
7381845,0530pts50
7381845,0030zas98
7381845,04azbjn80
7395021,029pk6x14
7395021,01h6ecw13
7411988,0304hq317
7415945,006gksa02
7443109,04zyhq975
7443109,03tgsfw79
7443109,05xjevr11
7443436,00rqy9422
7443436,00za53h95
7443437,01xtthb56
7443437,05bnh6r87
7443438,04mhzgx49
7443438,05ynf4333
7443438,05tkyf982
7443439,05x2bcf33
7443439,001tmjg57
7443441,04g2vpn86
7467968,047gc3g35
7467968,0460jpj73
7467969,033yfkj90
7467970,04dree482
7467970,00jjx8s55
7467970,03xjwb503
7467970,03mkjjy25
7467970,03wb8xz10
7467971,01m59r132
7467974,01460j859
7467974,04t3en479
7467974,020f3ap87
7467974,02ws1xc11
7470720,04qr5t414
7470720,013e0zm98
7470720,04qr3zq92
7470720,03zj2rn70
7470721,02wnxgj78
7470721,04fht8c22
7470721,04q78tk20
7470721,057qyqy03
7470724,00engpz63
7470724,02ma4wv74
7470724,050ktqq97
7470843,03ayjn504
7473177,024mw5h28
7510780,03ypqe447
7510780,04tj63d06
7510782,059gw8r13
7533551,03vqakm84
7533551,049ecjx61
7533840,03c4atk17
7563650,04s5mat29
7563650,01vyrm377
7588400,041kmwe10
7588400,04q9me654
7588400,03gpapx10
7603384,04vgbd477
7610603,02cm65z11
7610603,02ksmb993
7610604,03bk74w21
7610604,02cm65z11
7610604,02ksmb993
7623979,00xsr9m91
7624884,02kzqn938
7624884,00675rp98
7624884,01x441g73
7624884,017h2rd72
7624884,01wzvw032
7624884,023znxa73
7624884,01f1amm71
7624885,00987cb86
7624885,023znxa73
7624885,002v2kq79
7624886,03q21mh05
7624886,023znxa73
7624886,04p6eac84
7624886,00bgk9508
7624886,01grm2d66
7624886,04r9gvy43
7624888,04fzm7v55
7624888,00s4rmz74
7624888,023znxa73
7628437,03qryx823
7656049,03dzc0485
7658250,03mq68c95
7658250,00675rp98
7658250,01h8pf755
7658250,054qv7y42
7666423,015m7wh34
7666423,00675rp98
7687709,022k4wk35
7687709,05vt9qd57
7687709,02y3ad647
7691034,03cdvht47
7724483,0558j5q12
7731307,00xsfaz62
7731307,01dzed356
7731307,041hzs681
7733893,01460j859
7733893,03ceheh96
7733893,0555ezg60
7736286,00s13br28
7736286,04fzm7v55
7767795,04vmvtb21
7767795,05a94k872
7767795,03anc3s24
7798483,05crs8s98
7799176,01yj56c84
7799176,03et85d35
7804933,010pmpe69
7840114,03q21mh05
7885918,01wzvw032
7885918,03y0qc033
7890231,02q3q8311
7890231,02j8pe645
7890231,04jtrvy64
7890232,02sehzp52
7890233,03h5rdc49
7890234,03q92e557
7890237,02sehzp52
7890238,03h5rdc49
7899952,02txfnf15
7899952,00hn7w693
7919072,01swzsf04
7919072,01nffqt88
7919097,02rjhbb08
7935781,02hpadn98
7935781,018786988
7935781,013q1eq08
7959798,04f81fm77
8001227,029cgt552
8005424,04ee58018
8011472,01111rn36
8011472,01nzkaw91
8011472,00vtgdb53
8011473,04t5xt781
8011485,027bh9e22
8011485,04dkp9463
7198962,01jjhfr75
7198962,02smfhw86
7198963,043nxc105
7198964,05dx9nr48
7198964,02xankh89
7198964,014837179
7198965,04e8jbs38
7198966,0432jq872
7198967,05rdf8595
7198968,04qb8nc58
7198968,02f9det96
7198969,02nkf1q06
7198969,03877wr45
7198970,00hj54h04
7198970,02vh8a032
7198973,01nffqt88
7198974,01y2jtd41
7198974,057zh3y96
7198977,0546v5182
7198977,052ahj806
7198978,01x8hew03
7198980,031bsb921
7198980,042aqky30
7198981,02aaqv166
7198982,00ajckn66
7198983,01k97gp34
7198983,042aqky30
7198984,03dbr7087
7198985,00h9jrb69
7198985,012tb2g32
7198985,01fz7mn40
7198986,03xjwb503
7198986,02kkvpp62
7198986,01pxwe438
7198987,04ers2y35
7198987,02aaqv166
7198987,02nwvxz07
7198987,033n9gh91
7198989,01keh0577
7198990,01ynf4891
7198990,0197nmd03
7198991,024nr0776
7198991,00mx91s63
7198992,00fbnyb24
7198992,01ee9ar58
7198993,02xrw9r68
7198994,0449khs19
7198995,039bjqg32
7198996,03snqfa66
7198996,02xrw9r68
7198996,03c4mmv16
7198997,05qghxh33
7198997,02y3ad647
7198998,04xhy8q59
7199016,02be6w209
7199016,04pcdsm76
7199017,04jr1s763
7199018,02rnys730
7199017,00xa57a59
7199018,00bgk9508
7199018,02k7wn190
7199019,02fkw1114
7199020,01papkj44
7199020,05n2cz176
7199021,02558wk32
7199021,00yze4d93
7199021,02jeykk09
7199022,000c39f30
7199023,05v2p9075
7199022,019787q29
7199022,04kwvgz42
7199023,057qfs197
7199023,05ajnv358
7199024,00gq7p328
7199024,03h8f2y52
7199024,018y22094
7199025,03kw9gc02
7199026,046nf9z89
7199027,02558wk32
7199027,02cc4gc68
7199028,029gksw03
7199028,05hsgex59
7199029,017ebfz38
7199030,00zdyy359
7199030,03b9y4e65
7199031,05hsgex59
7199032,03te4vd35
7199033,02558wk32
7199033,01jw2p796
7199034,05pg2cw06
7199035,02nkz4493
7199036,05db8zr24
7199039,02ma4wv74
7199039,03s9hs139
7199039,03jwcxq96
7199040,00g6ka752
7199041,027b9hx20
7199042,05vf56z40
7199043,006wtk122
7199043,03q21mh05
7199047,022zbs961
7199048,03kw9gc02
7199054,03mtwkv54
7199054,04gzb2213
7199055,01y0j0j86
7199055,05g13zd79
7199056,041qf4r12
7199056,05gq02987
7199057,00js3aw79
7199058,0584fj407
7199058,05e21fw44
7199058,03s9hs139
7199059,01drq0835
7199059,02558wk32
7199059,00af3sa43
7199059,027m9bs27
7199060,00davry38
7199060,03tamv273
7199060,00f1wmk62
7199061,04h1w2j35
7199062,017zhmm22
7199063,00pt8r998
7199063,03cqe8w59
7199064,01bdr6121
7199065,01pn91c28
7199065,01scyh794
7199066,00hj54h04
7199066,01f5ytq51
7199066,00t33hh48
7199066,02p6aa271
7199067,01mema083
7199067,01kh5gc44
7199068,02egmk993
7199068,03pnv4752
7199069,023hj5876
7199069,047272k79
7199069,04ypx8c21
7199070,04ypx8c21
7199071,01fvbaw18
7199071,037b6wy35
7199071,01qckj285
7199072,00g6ka752
7199072,05hsgex59
7199072,01e7e7r31
7199073,005781934
7199116,01kj2bm70
7199117,01dcw5w74
7199117,05r8dqr10
7199117,011ashp19
7199118,00q2w1j53
7199118,01pgex273
7199119,00675rp98
7199119,035xkbk20
7199119,040baw385
7199119,0161xgx34
7199120,037s24f05
7199120,049pfb863
7199121,0546v5182
7199121,055f7t516
7199122,02en5vm52
7199122,05f82e368
7199122,00675rp98
7199122,00h1x4t21
7199122,03v4gjf40
7199123,000e0be47
7199124,052gg0110
7199124,03mkjjy25
7199125,04p491231
7199125,03qxff017
7199126,009eqmr18
7199126,01j7nq853
7199127,026vcq606
7199128,02jx3x895
7199128,0090zs177
7199128,03angcq70
7199128,047426m28
7199128,04dkp9463
7199129,04chrp450
7199130,015m7wh34
7199130,02ght4n58
7199130,052bz7812
7199130,013cjyk83
7199131,02k7v4d05
7199133,01gek1696
7199134,05290cv24
7199135,0137n4m74
7199135,00n3w3b69
7199135,05kr7zx86
7199135,02v80fc35
7199136,05kc6dc21
7199137,05ynxx418
7199139,0176yjw32
7199140,033vjfk17
7199141,04t5xt781
7199142,00j9qag85
7199142,02khfkr46
7199143,03rp50x72
7199144,015h0qg34
7199144,05hgtp764
7199144,020nckd56
7199145,01jdpyv68
7199145,04nt8b154
7199146,00eftnx64
7199146,01n08tj51
7199237,00f54p054
7199238,01ee9ar58
7199239,03angcq70
7199239,02ttsq026
7199239,00bgk9508
7199240,04rswrd78
7199240,05gq02987
7199241,037wpkx04
7199242,00f7hpc57
7199243,05htk5m33
7199244,000e0be47
7199244,04trbvb35
7199244,01dq60k83
7199245,02zhqgq86
7199246,01y2jtd41
7199247,023hj5876
7199247,02czkny70
7199247,018hded08
7199248,052xgjt73
7199248,041kmwe10
7199250,000e0be47
7199250,023hj5876
7199250,04jcykh16
7199250,04tcyer40
7199251,03r8z3t63
7199251,01aff2v68
7199252,00f54p054
7199252,041nk4h53
7199253,03r8z3t63
7199253,03f0f6041
7199254,052r2xn60
7199254,03anc3s24
7199255,03mq68c95
7199255,01h8pf755
7199255,022b0h879
7199255,04wn6w972
7199255,050jn9y42
7199255,02evk6c51
7199255,04gyj6s21
7199255,040smqw14
7199256,03taz7m60
7199256,01rtyzb94
7199257,03x80pn82
7199257,03nh7d505
7199258,01qcq9d74
7199258,04h9pn542
7199258,0227as991
7199259,03ej8a714
7199259,02bfwt286
7199260,0220qvk04
7199260,035xkbk20
7199260,00675rp98
7199260,0112mx960
7199261,00jmfr291
7199262,03p74gp79
7199262,00vtgdb53
7199263,04jcykh16
7199263,023hj5876
7199263,021nv2831
7199263,000e0be47
7199264,05qwgg493
7199264,03taz7m60
7199264,01apwpt12
7199265,05vf56z40
7199266,00xagtd33
7199267,00hj54h04
7199267,047rhhm47
7199267,042nb2s44
7199268,03m2x1q45
7199268,01wd4xt90
7199269,03vrj4p82
7199270,02e2c7k09
7199270,00240q980
7199271,04fz79c74
7199272,037s24f05
7199272,01an3r305
7199272,02smfhw86
7199273,00jc20583
7199273,01q1z8k08
7199273,05hffr360
7199274,02s376052
7199274,05x2bcf33
7199274,00mcjh785
7199275,033bb5z47
7199275,01drq0835
7199276,01y0j0j86
7199277,04ypx8c21
7199277,02n415q13
7199278,04teye511
7199278,00f54p054
7199278,00b30xv10
7199279,01rtyzb94
7199280,02kpw3v28
7199281,05kb8h459
7199281,023hj5876
7199282,04qr3zq92
7199283,01zkghx44
7199284,023hj5876
7199285,01zkghx44
7199285,00ty2a548
7199286,03ftejk10
7199286,05256ym39
7199286,010pmpe69
7199287,02e7b5302
7199288,00apj8t60
7199289,00z0kq074
7199289,0079gpv38
7199290,03svthf85
7199290,035h3r191
7199291,02exxtn84
7199292,01s7y5e82
7199293,034t30j35
7199293,05bqach95
7199293,038t36y30
7199293,02kpeqv85
7199293,01dq60k83
7199294,02x59s656
7199294,02ytfzr55
7199295,038t36y30
7208737,04xfq0f34