an,ror_id
7192470.0,02feahw73
7192470.0,02kzqn938
7192470.0,02mdnkg28
7192472.0,01r4q9n85
7192472.0,04f2nsd36
7192474.0,03rmrcq20
7192474.0,0190ak572
7192474.0,03v4gjf40
7192474.0,00d7xrm67
7192474.0,00za53h95
7192475.0,03qryx823
7192475.0,00za53h95
7192475.0,0316ej306
7192475.0,04raf6v53
7192476.0,057er4c39
7192476.0,00mz87608
7192476.0,04zzdbj59
7192476.0,0220k9r37
7192476.0,04yrrdj53
7192477.0,03qryx823
7192477.0,00f54p054
7192477.0,03qryx823
7192477.0,00za53h95
7192478.0,05x2bcf33
7192479.0,03rmrcq20
7192479.0,
7192479.0,03czfpz43
7192480.0,0266kfd37
7192480.0,030hj3061
7192480.0,05mqemx33
7192480.0,02jp0cd74
7192481.0,03prydq77
7192481.0,05n3x4p02
7192481.0,03613d656
7192482.0,03prydq77
7192482.0,05n3x4p02
7192482.0,03613d656
7192483.0,00d7xrm67
7192483.0,01faaaf77
7192484.0,00d7xrm67
7192484.0,01faaaf77
7192484.0,05hy3tk52
7192485.0,054pv6659
7192486.0,04ers2y35
7192487.0,03yj89h83
7192487.0,02jx3x895
7192488.0,03rmrcq20
7192488.0,013meh722
7192488.0,03rmrcq20
7192489.0,01nfmeh72
7192490.0,04qzfn040
7192490.0,0303y7a51
7192490.0,
7192490.0,02n9z0v62
7192491.0,01hhf7w52
7192492.0,00n3w3b69
7192493.0,013vs5h31
7192493.0,02qkhhn56
7192494.0,026vcq606
7192494.0,00a0n9e72
7192495.0,029cgt552
7192496.0,05sj3n476
7192496.0,036rp1748
7192497.0,044deqz63
7192497.0,00dd6af44
7192498.0,04mghma93
7192499.0,03x80pn82
7192499.0,04cyy9943
7192499.0,03x80pn82
7192500.0,01tmp8f25
7192500.0,04yzxz566
7192501.0,00f1zfq44
7192502.0,02mjz6f26
7192502.0,012tb2g32
7192503.0,017cjz748
7192504.0,03x80pn82
7192504.0,03x80pn82
7192505.0,02hpadn98
7192506.0,03ht1xw27
7192506.0,049tgcd06
7192506.0,00g669j87
7192507.0,03ceheh96
7192507.0,02mr3ar13
7192507.0,013zjb662
7192508.0,04ymz0q33
7192508.0,04nm9ed20
7192509.0,00wk2mp56
7192510.0,
7192510.0,04qxnmv42
7192511.0,04e6y1282
7192511.0,04gtjhw98
7192512.0,052y05165
7192512.0,03x80pn82
7192513.0,01yqg2h08
7192514.0,02s376052
7192514.0,00djv2c17
7192515.0,05nkgk822
7192515.0,02n96ep67
7192516.0,02p2rk609
7192516.0,03ad39j10
7192516.0,015m7wh34
7192516.0,05y76vp22
7192517.0,04gtjhw98
7192517.0,04cyy9943
7192517.0,00gx3j908
7192518.0,029cgt552
7192519.0,00p9vpz11
7192519.0,02ksmb993
7192520.0,02ma4wv74
7192520.0,03zd3ta61
7192521.0,02p5xjf12
7192521.0,00wk2mp56
7192522.0,04ypx8c21
7192522.0,0360zcg91
7192523.0,04xhy8q59
7192523.0,02p2rk609
7192523.0,034agrd14
7192523.0,013q1eq08
7192523.0,00mcjh785
7192524.0,03c44v465
7192524.0,02dn7x778
7192524.0,03s0gj002
7192525.0,0152zzg30
7192525.0,031bsb921
7192526.0,048tbm396
7192526.0,05ht0mh31
7192527.0,02ks8qq67
7192527.0,01jsq2704
7192528.0,05wn69s11
7192528.0,03ad39j10
7192529.0,03x80pn82
7192529.0,03x80pn82
7192530.0,01yxwrh59
7192530.0,05g13zd79
7192531.0,040t43x18
7192532.0,04njjy449
7192533.0,04387x656
7192533.0,01ynf4891
7192534.0,04yqxxq63
7192535.0,00xsfaz62
7192536.0,04qr3zq92
7192537.0,05wn69s11
7192539.0,04ka8rx28
7192539.0,02cc4gc68
7192540.0,05591te55
7192540.0,01xtthb56
7192540.0,0245cg223
7192541.0,006teas31
7192542.0,00bqttt79
7192542.0,01kzn7k21
7192543.0,051hvcm98
7192543.0,01y1kjr75
7192543.0,01y1kjr75
7192543.0,03n7a5z57
7192544.0,03ths8210
7192544.0,02x99ac45
7192545.0,00bwhj131
7192545.0,008rmbt77
7192546.0,036rp1748
7192546.0,04eyc6d95
7192546.0,022yres73
7192546.0,051nvp675
7192547.0,04s1nv328
7192547.0,047908t24
7192547.0,0039d5757
7192547.0,02cafbr77
7192547.0,04vdpck27
7192548.0,00rzspn62
7192549.0,02p77k626
7192549.0,05syd6y78
7192549.0,036rp1748
7192550.0,047908t24
7192550.0,00kwnx126
7192551.0,035b05819
7192551.0,00ngrq502
7192552.0,01ej9dk98
7192552.0,01teme464
7192553.0,00965bg92
7192553.0,016jp5b92
7192554.0,04ct4d772
7192555.0,03ceheh96
7192555.0,05gbn2817
7192556.0,00wtvfq62
7192556.0,00wtvfq62
7192557.0,05w0e5j23
7192558.0,00p991c53
7192558.0,05crjpb27
7192558.0,043bpky34
7192559.0,00dncgb07
7192560.0,002v2kq79
7192560.0,036rp1748
7192560.0,03tn5ee41
7192560.0,047908t24
7192561.0,01b8kcc49
7192562.0,02g7kd627
7192563.0,00mkhxb43
7192564.0,035gwtk09
7192564.0,01y1kjr75
7192565.0,00q2w1j53
7192566.0,05p6rhy72
7192566.0,05n0tzs53
7192566.0,03dbr7087
7192567.0,02kswqa67
7192568.0,03gds6c39
7192568.0,05cwbxa29
7192569.0,052pakb34
7192569.0,00js3aw79
7192570.0,00dbd8b73
7192570.0,00dbd8b73
7192571.0,05s92vm98
7192572.0,00f54p054
7192572.0,01yj56c84
7192573.0,00dncgb07
7192573.0,01qn7cs15
7192573.0,01vqjmx11
7192574.0,03yez3163
7192574.0,021jt1927
7192574.0,02my4wj17
7192575.0,03rtgjq94
7192575.0,013q1eq08
7192575.0,013q1eq08
7192576.0,00qfnf017
7192577.0,02fa3aq29
7192577.0,0043h8f16
7192577.0,04tft4718
7192578.0,008s83205
7192578.0,014wfj781
7192578.0,01rm42p40
7192578.0,008s83205
7192579.0,03n2mgj60
7192579.0,00aj4th23
7192579.0,03rk9sq81
7192579.0,04kwvgz42
7192580.0,031q21x57
7192580.0,03r24vd05
7192581.0,022yres73
7192581.0,03nawhv43
7192582.0,02fa3aq29
7192582.0,05d2yfz11
7192583.0,04s9hft57
7192583.0,02rgb2k63
7192584.0,041pakw92
7192584.0,041pakw92
7192585.0,002k8gm39
7192585.0,02retg991
7192585.0,033sc7b24
7192586.0,03yjb2x39
7192587.0,04yqw9c44
7192587.0,0176yjw32
7192588.0,04gyf1771
7192588.0,05dxps055
7192589.0,04s9hft57
7192590.0,02ase7r14
7192590.0,04bqqa360
7192591.0,04teye511
7192591.0,04yqw9c44
7192592.0,034t30j35
7192592.0,02jkmyk67
7192592.0,02n96ep67
7192592.0,031t68441
7192592.0,00wtvfq62
7192593.0,03vek6s52
7192593.0,03vek6s52
7192594.0,05a28rw58
7192595.0,04dawnj30
7192595.0,022k4wk35
7192595.0,02xe5ns62
7192596.0,036rp1748
7192597.0,02xfp8v59
7192597.0,02xfp8v59
7192598.0,041pakw92
7192599.0,03kkevc75
7192600.0,0569mkk41
7192600.0,02nkdxk79
7192600.0,0569mkk41
7192600.0,0406gha72
7192601.0,04agmb972
7192602.0,00g6ka752
7192602.0,05khxfe53
7192603.0,027m9bs27
7192603.0,04kwvgz42
7192604.0,05abs3w97
7192605.0,04haebc03
7192605.0,02qtvee93
7192606.0,041pakw92
7192607.0,00txhpa83
7192607.0,04j351e79
7192607.0,02wn5qz54
7192608.0,05fp9g671
7192609.0,05j1kc284
7192609.0,04v3ywz14
7192610.0,03te4vd35
7192610.0,01wntqw50
7192612.0,03xpwj629
7192612.0,01n7x9n08
7192612.0,03xpwj629
7192612.0,01y1kjr75
7192613.0,02smfhw86
7192613.0,0153tk833
7192614.0,03ayjn504
7192614.0,0405mnx93
7192615.0,05n2cz176
7192616.0,01x8rc503
7192617.0,02smfhw86
7192617.0,02fa3aq29
7192618.0,01scyh794
7192618.0,059nn3902
7192618.0,01scyh794
7192618.0,01scyh794
7192618.0,0555ezg60
7192619.0,02gdzyx04
7192619.0,00yqvtm78
7192620.0,03ths8210
7192620.0,01kvepn75
7192620.0,03n6nwv02
7192621.0,05vf56z40
7192622.0,00mcjh785
7192623.0,02kb89c09
7192624.0,05wxkj555
7192625.0,04s9hft57
7192626.0,00dbd8b73
7192627.0,026vtd268
7192628.0,02wkcrp04
7192628.0,02p5wzp69
7192629.0,00g0p6g84
7192629.0,02fa3aq29
7192630.0,059me1x50
7192631.0,048sx0r50
7192631.0,029gksw03
7192632.0,04gcegc37
7192632.0,033vjfk17
7192632.0,04yqxxq63
7192632.0,04gcegc37
7192634.0,01kj2bm70
7192634.0,03k3p7647
7192634.0,05p6qqk79
7192634.0,05510vn56
7192635.0,01kj2bm70
7192635.0,02crff812
7192635.0,02crff812
7192635.0,05510vn56
7192636.0,04exg7985
7192636.0,02cafbr77
7192636.0,00h9jrb69
7192637.0,041yk2d64
7192637.0,041yk2d64
7192638.0,05510vn56
7192638.0,0460jpj73
7192638.0,04dndfk38
7192638.0,01kj2bm70
7192639.0,03k3p7647
7192639.0,05p6qqk79
7192639.0,04ka8rx28
7192640.0,00013q465
7192641.0,05510vn56
7192641.0,02cafbr77
7192641.0,049emcs32
7192642.0,04wffgt70
7192642.0,03ths8210
7192643.0,04m5j1k67
7192643.0,02ynb0474
7192644.0,0555ezg60
7192645.0,00mcjh785
7192645.0,00mcjh785
7192645.0,03tgsfw79
7192646.0,02263ky35
7192646.0,051kpcy16
7192646.0,016jp5b92
7192647.0,05wxkj555
7192647.0,05wxkj555
7192649.0,03jqp6d56
7192649.0,02cc4gc68
7192649.0,04ka8rx28
7192649.0,00afp2z80
7192650.0,022yres73
7192650.0,036rp1748
7192651.0,01ej9dk98
7192651.0,02e3ssq97
7192651.0,04tfzc498
7192652.0,01y1kjr75
7192652.0,035gwtk09
7192653.0,036rp1748
7192654.0,02c22vc57
7192654.0,04ers2y35
7192654.0,02qz3vm75
7192655.0,02315by94
7192655.0,04ct4d772
7192655.0,04zj2bd87
7192656.0,05mzfcs16
7192657.0,00cf0s038
7192657.0,01bsn4x02
7192658.0,00q09pe49
7192658.0,00q09pe49
7192659.0,053g6we49
7192659.0,02ase7r14
7192659.0,01ft5vz71
7192660.0,01j99nc54
7192660.0,05smtc341
7192661.0,05nz37n09
7192662.0,0040axw97
7192663.0,04njjy449
7192663.0,003d3xx08
7192664.0,051zgra59
7192664.0,00a2xv884
7192665.0,00q4vv597
7192666.0,03ceheh96
7192667.0,05yc6p159
7192667.0,04h9pn542
7192667.0,047dqcg40
7192668.0,00t33hh48
7192668.0,04qr3zq92
7192668.0,043dxc061
7192668.0,017zhmm22
7192669.0,024c12b08
7192669.0,05x817c41
7192670.0,04zmdqe71
7192670.0,03jcejr58
7192671.0,03yjb2x39
7192672.0,00xp9wg62
7192673.0,05ms04m92
7192673.0,011aa4g29
7192674.0,04kwvgz42
7192675.0,04h9pn542
7192676.0,00dbd8b73
7192677.0,02rkvz144
7192677.0,05db1pj03
7192678.0,03ayjn504
7192678.0,03a64bh57
7192678.0,03gnr7b55
7192678.0,03gnr7b55
7192678.0,036rp1748
7192679.0,04xnqep60
7192679.0,01vy4gh70
7192680.0,00v97ad02
7192680.0,039xnh269
7192680.0,046fkpt18
7192681.0,02t0qr014
7192681.0,02t0qr014
7192682.0,0122p5f64
7192683.0,01y0j0j86
7192683.0,0220qvk04
7192683.0,01r4q9n85
7192684.0,03e29r284
7192685.0,00yhnba62
7192686.0,00nqqvk19
7192686.0,02my4wj17
7192686.0,04kwvgz42
7192686.0,017zqws13
7192687.0,02ase7r14
7192687.0,002rc4w13
7192687.0,047908t24
7192687.0,04s9hft57
7192689.0,001m1hv61
7192689.0,02j1m6098
7192689.0,0034eay46
7192690.0,03nawhv43
7192690.0,010x8gc63
7192691.0,01tgyzw49
7192693.0,01kg8sb98
7192693.0,03k1gpj17
7192694.0,00mcjh785
7192694.0,03tgsfw79
7192695.0,04pp8hn57
7192696.0,04teye511
7192696.0,047rhhm47
7192697.0,03xrrjk67
7192697.0,03rtgjq94
7192698.0,047908t24
7192698.0,01b78mz79
7192699.0,05apxxy63
7192700.0,00a4kqq17
7192701.0,02wcpmn42
7192701.0,05nz37n09
7192701.0,01wntqw50
7192702.0,01e8ff003
7192703.0,00g325k81
7192703.0,0086rpr26
7192703.0,05x817c41
7192704.0,02be6w209
7192706.0,03taz7m60
7192706.0,01nrxwf90
7192706.0,00vtgdb53
7192707.0,05bxb3784
7192707.0,03gk81f96
7192707.0,05vn3ca78
7192707.0,02w8ws377
7192708.0,0524sp257
7192708.0,03dbr7087
7192708.0,05n0tzs53
7192708.0,05p6rhy72
7192709.0,00hn7w693
7192709.0,02j1m6098
7192709.0,02crz6e12
7192710.0,02t2qwf81
7192710.0,04s9hft57
7192711.0,019whta54
7192711.0,05a28rw58
7192711.0,04e9p5d56
7192712.0,02p42am41
7192712.0,03g4hym73
7192713.0,02gdzyx04
7192713.0,02gdzyx04
7192714.0,05h9q1g27
7192715.0,05h9q1g27
7192716.0,01x41eb05
7192716.0,00g6ka752
7192717.0,05g3dte14
7192717.0,05g3dte14
7192718.0,01tgyzw49
7192718.0,047272k79
7192719.0,00ay7va13
7192719.0,01hy4qx27
7192720.0,04wn09761
7192720.0,05sxf4h28
7192721.0,03ceheh96
7192721.0,05gbn2817
7192721.0,0207yh398
7192722.0,01kpzv902
7192722.0,023pm6532
7192723.0,03r2nz980
7192723.0,03x1jna21
7192724.0,02c2kyt77
7192724.0,012p63287
7192724.0,03cv38k47
7192724.0,05f950310
7192724.0,04nbhqj75
7192725.0,04wn09761
7192725.0,01b78mz79
7192725.0,036rp1748
7192726.0,00nqb1v70
7192727.0,00wtvfq62
7192727.0,03v76x132
7192727.0,056am2717
7192728.0,05fq50484
7192728.0,01v9wj339
7192729.0,017zhmm22
7192730.0,0174shg90
7192730.0,03xphxk37
7192731.0,01ynf4891
7192731.0,00wjc7c48
7192732.0,00zdnkx70
7192733.0,027m9bs27
7192734.0,00wk2mp56
7192734.0,
7192735.0,022k4wk35
7192736.0,02retg991
7192737.0,019wvm592
7192737.0,03cve4549
7192737.0,02bfwt286
7192737.0,0384j8v12
7192738.0,02t274463
7192738.0,00hx57361
7192739.0,05gq02987
7192740.0,05rrcem69
7192740.0,03vek6s52
7192740.0,042nb2s44
7192741.0,05tt5nr09
7192741.0,0542q3127
7192742.0,03sgk3c38
7192742.0,01s7y5e82
7192743.0,044ghaj56
7192744.0,01f1ses45
7192745.0,02q865m71
7192745.0,00d18mr25
7192745.0,00rwcdf75
7192746.0,0576vga12
7192747.0,04qs5en05
7192749.0,04fbb7514
7192749.0,00taf6c38
7192749.0,01v5nhr20
7192749.0,03xygw105
7192752.0,02kn6nx58
7192753.0,02y9nww90
7192753.0,02y9nww90
7192753.0,055w89263
7192754.0,029m7xn54
7192754.0,01an7q238
7192755.0,056v0a906
7192755.0,01kzn7k21
7192759.0,03p9gxz72
7192759.0,013q1eq08
7192759.0,04t3r5s29
7192760.0,02feahw73
7192760.0,0257sgk90
7192760.0,035xkbk20
7192760.0,01drq0835
7192760.0,02k6n4s14
7192760.0,02feahw73
7192760.0,03vs46t66
7192760.0,0592ata02
7192760.0,03vs46t66
7192760.0,00t3njy04
7192760.0,02feahw73
7192760.0,051kpcy16
7192760.0,043749971
7192760.0,04d4sd432
7192761.0,00p991c53
7192762.0,012tb2g32
7192763.0,02eva5865
7192763.0,046ak2485
7192764.0,0360zcg91
7192764.0,02mb95055
7192764.0,04cw6st05
7192765.0,02309jg23
7192765.0,036rp1748
7192766.0,02m8tb249
7192766.0,02m8tb249
7192767.0,01a77tt86
7192767.0,00ez2he07
7192778.0,03srtnf24
7192779.0,05vt9qd57
7192794.0,00f1zfq44
7192794.0,05xa8mk74
7192794.0,040wg7k59
7192794.0,03v4gjf40
7192794.0,01yqg2h08
7192795.0,013meh722
7192796.0,01a77tt86
7192797.0,00cvxb145
7192797.0,03zbnzt98
7192798.0,02kw9ya16
7192798.0,03rwgpn18
7192799.0,034t30j35
7192799.0,057jnjd73
7192799.0,017zqws13
7192800.0,055khg266
7192800.0,02n9d1732
7192800.0,035jnav47
7192800.0,006hf6230
7192800.0,04xe7ws48
7192800.0,027bh9e22
7192800.0,035xkbk20
7192800.0,02feahw73
7192800.0,04bgbbh33
7192800.0,035xkbk20
7192800.0,02feahw73
7192800.0,040baw385
7192800.0,03zq0xc17
7192800.0,02c2kyt77
7192801.0,047272k79
7192801.0,023hj5876
7192801.0,023hj5876
7192801.0,013x79k46
7192802.0,026vcq606
7192802.0,01e3m7079
7192802.0,013meh722
7192803.0,05s6rge65
7192803.0,04dxeze48
7192804.0,05g3dte14
7192804.0,05g3dte14
7192805.0,01dq60k83
7192805.0,01dq60k83
7192806.0,02jx3x895
7192806.0,00tyjp878
7192807.0,
7192808.0,03dbr7087
7192808.0,0132xxe06
7192808.0,04mhzgx49
7192809.0,
7192810.0,011pqxa69
7192810.0,04zzdbj59
7192810.0,057qpr032
7192810.0,04zzdbj59
7192810.0,02n7qrg46
7192810.0,035xkbk20
7192810.0,024850w61
7192811.0,02fa3aq29
7192811.0,048sx0r50
7192829.0,02g81yf77
7192829.0,01yxwrh59
7192829.0,01rxvg760
7192830.0,01fczmh85
7192831.0,02pcb5m77
7192831.0,0574der91
7192832.0,01285e189
7192832.0,05qvskn85
7192833.0,056wqre19
7192834.0,00wdq3744
7192835.0,04w9fbh59
7192835.0,02x1pa065
7192836.0,04ymz0q33
7192836.0,00f1zfq44
7192837.0,05gbn2817
7192837.0,031dhcv14
7192837.0,02ma4wv74
7192837.0,00shsf120
7192838.0,011647w73
7192838.0,059w0gb06
7192838.0,01xgfaw76
7192839.0,039bjqg32
7192839.0,04z8k9a98
7192839.0,03nf36p02
7192840.0,00menq219
7192840.0,04m42eq84
7192840.0,04kwvgz42
7192841.0,03cq4gr50
7192842.0,04fjtte88
7192842.0,04fjtte88
7192843.0,02f81g417
7192844.0,05h9t7759
7192844.0,04xreqs31
7192845.0,042v6xz23
7192845.0,00f1zfq44
7192846.0,044k9ta02
7192846.0,03ytenv10
7192846.0,01drq0835
7192846.0,01drq0835
7192847.0,03c8sfz84
7192847.0,0360g3z42
7192848.0,03p3aeb86
7192848.0,03144pv92
7192849.0,028h95t32
7192850.0,00xsfaz62
7192850.0,03kv08d37
7192851.0,03az1t892
7192851.0,
7192851.0,00t47w971
7192851.0,03az1t892
7192851.0,05v1y0t93
7192852.0,01wntqw50
7192853.0,01d5jce07
7192853.0,04mxxkb11
7192853.0,01eb3qa50
7192854.0,01wntqw50
7192854.0,04njjy449
7192855.0,007gf6e19
7192855.0,00445hv47
7192855.0,03x1jna21
7192856.0,00rb2rb24
7192857.0,00shc0s02
7192857.0,0433abe34
7192857.0,049pfb863
7192857.0,04t2ss102
7192858.0,053w1zy07
7192858.0,030qbr085
7192859.0,03x1jna21
7192860.0,03d7sax13
7192861.0,00wk2mp56
7192862.0,03tn5ee41
7192862.0,03fe7t173
7192862.0,053g6we49
7192863.0,00sbx0y13
7192863.0,054xkpr46
7192863.0,01zhwwf82
7192864.0,04qr3zq92
7192864.0,01e7csr82
7192865.0,053w1zy07
7192866.0,03yez3163
7192866.0,
7192867.0,05es91y67
7192867.0,04asck240
7192868.0,02zdscb63
7192868.0,04njjy449
7192868.0,002yp7f20
7192869.0,053fp5c05
7192870.0,03n6nwv02
7192870.0,03ths8210
7192871.0,029brtt94
7192871.0,01rk35k63
7192871.0,04dv4he91
7192871.0,05njb9z20
7192871.0,01eb3qa50
7192872.0,01wntqw50
7192873.0,05v9jqt67
7192873.0,04q78tk20
7192874.0,03ceheh96
7192875.0,00bvysh61
7192875.0,05jk51a88
7192875.0,01jy46q10
7192876.0,015ya8798
7192876.0,045rvh172
7192876.0,02rc97e94
7192877.0,04k89yk85
7192878.0,01ew38b77
7192879.0,02qsmb048
7192879.0,02wk2vx54
7192880.0,04w9fbh59
7192880.0,03jy32q83
7192881.0,04zzdbj59
7192881.0,051escj72
7192881.0,044kxby82
7192881.0,
7192882.0,
7192883.0,03djm2720
7192883.0,00x3rpv59
7192883.0,02he2nc27
7192883.0,055fe2s59
7192883.0,02frkq021
7192883.0,00f4mz521
7192883.0,01w423a47
7192884.0,01w423a47
7192885.0,02frkq021
7192885.0,055fe2s59
7192886.0,02frkq021
7192886.0,00f4mz521
7192886.0,02he2nc27
7192887.0,02he2nc27
7192887.0,044171329
7192887.0,01yecy831
7192888.0,01qn0gc28
7192889.0,055fe2s59
7192889.0,02he2nc27
7192890.0,00a45v709
7192890.0,055fe2s59
7192891.0,00js3aw79
7192891.0,00a45v709
7192892.0,02frkq021
7192892.0,05m2n8847
7192892.0,02he2nc27
7192893.0,05qrfxd25
7192893.0,01jkd3546
7192893.0,01yqewm58
7192894.0,054gw3b40
7192895.0,03q0vrn42
7192895.0,03pj6ge82
7192895.0,05tyne317
7192895.0,02737yq40
7192895.0,02f0t3e51
7192896.0,010pmpe69
7192897.0,02he2nc27
7192897.0,02frkq021
7192897.0,03napcw37
7192898.0,038m16120
7192898.0,02he2nc27
7192899.0,045v66z43
7192899.0,04rfsd440
7192900.0,02he2nc27
7192901.0,013rnrt24
7192902.0,0190ze463
7192902.0,0362r6n51
7192903.0,03f2t9x29
7192903.0,032j5hw78
7192904.0,01yqewm58
7192905.0,05fzc8c45
7192905.0,04wegbp55
7192906.0,02he2nc27
7192906.0,02frkq021
7192906.0,00f4mz521
7192908.0,033vjfk17
7192908.0,033vjfk17
7192908.0,02zhqgq86
7192909.0,04tpp9d61
7192909.0,00hj54h04
7192909.0,01ckdn478
7192910.0,012p63287
7192910.0,014weej12
7192911.0,03efmyj29
7192911.0,00pjdza24
7192911.0,02der9h97
7192912.0,03a64bh57
7192912.0,03h7r5v07
7192914.0,00f54p054
7192914.0,00f54p054
7192915.0,017zhmm22
7192915.0,041pakw92
7192915.0,036jqmy94
7192915.0,0130frc33
7192916.0,01q3tbs38
7192916.0,01hhf7w52
7192917.0,
7192917.0,04rswrd78
7192917.0,043mer456
7192918.0,03wevmz92
7192918.0,04twxam07
7192919.0,022k4wk35
7192919.0,0145fw131
7192919.0,034t30j35
7192919.0,02jkmyk67
7192919.0,00wtvfq62
7192919.0,05rsv9s98
7192919.0,038hwjs80
7192919.0,00cvxb145
7192920.0,02jx3x895
7192921.0,01kd65564
7192921.0,00dncgb07
7192922.0,01e6qks80
7192923.0,
7192923.0,
7192924.0,02g7kd627
7192925.0,01tgyzw49
7192925.0,049tv2d57
7192925.0,04s5mat29
7192925.0,00q4vv597
7192926.0,01pxwe438
7192926.0,03rmrcq20
7192927.0,02der9h97
7192927.0,04wffgt70
7192928.0,04rswrd78
7192928.0,035t8zc32
7192929.0,02ymw8z06
7192929.0,00js3aw79
7192929.0,005edt527
7192929.0,04dawnj30
7192930.0,04b6x2g63
7192930.0,05nbqxr67
7192931.0,01p2bvc62
7192931.0,03sfybe47
7192931.0,03rmrcq20
7192931.0,03rmrcq20
7192932.0,012a77v79
7192932.0,012a77v79
7192933.0,04rswrd78
7192933.0,01gek1696
7192933.0,04h9pn542
7197902.0,03p14d497
7197902.0,01a77tt86
7197902.0,05kkv3f82
7197904.0,04mhzgx49
7197905.0,02gz6gg07
7197906.0,03kqpb082
7197906.0,02en5vm52
7197906.0,04zzdbj59
7197906.0,05krcen59
7197906.0,013bkhk48
7197908.0,04rswrd78
7197909.0,01g9vbr38
7197909.0,00pjdza24
7197910.0,031q21x57
7197910.0,04qr3zq92
7197910.0,04qr3zq92
7197911.0,011xvna82
7197911.0,02mjz6f26
7197912.0,03cx6bg69
7197912.0,04v18t651
7197913.0,03k2k6011
7197913.0,037wpkx04
7197914.0,049e6bc10
7197914.0,01faaaf77
7197914.0,00ggpsq73
7197914.0,01kg8sb98
7197915.0,019wvm592
7197915.0,05ddrvt52
7197916.0,00hj54h04
7197917.0,04gd4wn47
7197918.0,02c2kyt77
7197918.0,03ykbk197
7197918.0,014weej12
7197918.0,00jmfr291
7197919.0,03cve4549
7197919.0,047g8vk19
7197919.0,05vt9qd57
7197919.0,05vt9qd57
7197920.0,02j8pmw82
7197920.0,05gfjrx96
7197922.0,04nkhwh30
7197922.0,04vg4w365
7197923.0,04dwckp88
7197923.0,03yxnpp24
7197923.0,04wdpa646
7197923.0,03yxnpp24
7197924.0,
7197924.0,03s7gtk40
7197924.0,024mrxd33
7197924.0,024mrxd33
7197925.0,052bz7812
7197925.0,013cjyk83
7197925.0,04zzdbj59
7197925.0,0409c3995
7197925.0,04zzdbj59
7197925.0,052bz7812
7197925.0,013cjyk83
7197925.0,04zzdbj59
7197925.0,0409c3995
7197926.0,04f2nsd36
7197927.0,04489at23
7197927.0,0587ef340
7197928.0,04qr3zq92
7197928.0,00wtvfq62
7197928.0,00wtvfq62
7197928.0,00wtvfq62
7197928.0,058t7w767
7197928.0,05rmqsa52
7197928.0,033vjfk17
7197929.0,04qxnmv42
7197931.0,0410k9915
7197931.0,02kta5139
7197931.0,03ths8210
7197931.0,04axzyr33
7197931.0,05e9bn444
7197931.0,01cby8j38
7197932.0,059yx9a68
7197932.0,04teye511
7197932.0,04fybn584
7197933.0,00mx91s63
7197933.0,00n87rr37
7197934.0,02mpq6x41
7197935.0,00m6w7z96
7197937.0,04gzb2213
7197937.0,0567v8t28
7197938.0,039bjqg32
7197938.0,019tgvf94
7197939.0,01hhf7w52
7197940.0,04cvxnb49
7197940.0,02ws1xc11
7197940.0,04qmmjx98
7197941.0,035pkj773
7197942.0,030mz2444
7197943.0,01gtvs751
7197944.0,01kj4z117
7197944.0,04zzdbj59
7197944.0,05ggc9x40
7197944.0,0581g8849
7197982.0,02qnnz951
7197982.0,03btvgn05
7197983.0,02t274463
7197984.0,011t2v902
7197984.0,02nkdxk79
7197984.0,00mkhxb43
7197985.0,029md1766
7197985.0,024ce2263
7197985.0,03ayjn504
7197986.0,05f8d4e86
7197986.0,05yb3w112
7197987.0,00cv9y106
7197987.0,02jx3x895
7197988.0,01hw7wf62
7197988.0,00e4hrk88
7197988.0,05dj31k33
7197988.0,00e4hrk88
7197988.0,054qdnd47
7197989.0,04sjchr03
7197989.0,
7197990.0,05f950310
7197990.0,05f950310
7197990.0,01ryk1543
7197991.0,0072zz521
7197991.0,0432jq872
7197992.0,01a099706
7197992.0,04c4dkn09
7197993.0,04f2nsd36
7197993.0,04nkhwh30
7197993.0,010gxg263
7197993.0,04nkhwh30
7197994.0,05bnh6r87
7197994.0,04qyvz380
7197994.0,04ewct822
7197995.0,00wk3s644
7197995.0,03prydq77
7197995.0,04b8v1s79
7197996.0,02495e989
7197996.0,00rqy9422
7197997.0,01c27hj86
7197997.0,01c27hj86
7197998.0,04xs57h96
7197998.0,00xp9wg62
7197998.0,03hgxtg28
7197998.0,0030zas98
7197999.0,020hwjq30
7198000.0,05f950310
7198001.0,03p3aeb86
7198001.0,05rdf8595
7198001.0,01azzms13
7198002.0,00hx57361
7198003.0,0260j1g46
7198003.0,05crjpb27
7198003.0,05gftfe97
7198003.0,00pdj1108
7198003.0,020hwjq30
7198004.0,046ak2485
7198004.0,01c27hj86
7198005.0,05f0yaq80
7198005.0,020hwjq30
7198005.0,05ww3wq27
7198005.0,02jx3x895
7198006.0,03a64bh57
7198006.0,02qsmb048
7198007.0,05crjpb27
7198007.0,04jr1s763
7198007.0,03ad39j10
7198008.0,05xg72x27
7198009.0,00bx6dj65
7198009.0,057zh3y96
7198035.0,017zhmm22
7198035.0,022k4wk35
7198035.0,0220qvk04
7198035.0,0220qvk04
7198035.0,0145fw131
7198036.0,03efmqc40
7198036.0,03efmqc40
7198037.0,025h1m602
7198037.0,057q6n778
7198038.0,03s65by71
7198039.0,04t3en479
7198041.0,02der9h97
7198041.0,052pakb34
7198042.0,036rp1748
7198043.0,04pp8hn57
7198044.0,05g3dte14
7198045.0,04h9pn542
7198046.0,052pakb34
7198046.0,02der9h97
7198047.0,01e7v7w47
7198047.0,00q2w1j53
7198048.0,037b1pp87
7198049.0,040c17130
7198049.0,01wjejq96
7198054.0,05kzjxq56
7198055.0,05rekxz26
7198058.0,02kkvpp62
7198058.0,01nffqt88
7198059.0,0255nn983
7198059.0,
7198059.0,02yj55q56
7198060.0,02rx3b187
7198060.0,04zzdbj59
7198060.0,05sbt2524
7198060.0,04ett5b41
7198060.0,02tfmen73
7198060.0,04dbzz632
7198060.0,05sbt2524
7198060.0,02wrme198
7198061.0,02cp04407
7198061.0,03kkfk814
7198062.0,03jgxzm03
7198063.0,05s92vm98
7198064.0,03893we55
7198064.0,02n96ep67
7198064.0,01rxvg760
7198064.0,04xqp3a64
7198065.0,01j9p1r26
7198066.0,02xvvvp28
7198066.0,0530pts50
7198066.0,030ffke25
7198067.0,005781934
7198067.0,01ckdn478
7198068.0,01mv9t934
7198068.0,02zwg8g81
7198068.0,01yqg2h08
7198068.0,05etzsm06
7198070.0,00cf0ab87
7198070.0,00p991c53
7198070.0,0419nfc77
7198071.0,05p1j8758
7198071.0,03gnh5541
7198072.0,01tjs6929
7198072.0,02gfc7t72
7198072.0,05e9bn444
7198073.0,046rm7j60
7198073.0,02495e989
7198074.0,034t30j35
7198074.0,03k3nz445
7198074.0,02jkmyk67
7198074.0,01wy3h363
7198074.0,01a099706
7198075.0,04m5j1k67
7198075.0,04zzdbj59
7198075.0,03c3zes23
7198075.0,040bzgy82
7198075.0,01kz1bj67
7198075.0,05cf8a891
7198075.0,04m5j1k67
7198076.0,032bw1116
7198076.0,03yph8055
7198076.0,00s9d1a36
7198077.0,01vyrm377
7198077.0,01hw7wf62
7198078.0,00shsf120
7198079.0,01fh86n78
7198079.0,00h3d0p13
7198079.0,04txgxn49
7198079.0,03frdh605
7198079.0,00s7tkw17
7198080.0,00pjdza24
7198081.0,04t5xt781
7198081.0,0380ng272
7198081.0,04t5xt781
7198082.0,021cj6z65
7198082.0,05wn69s11
7198082.0,00cf0ab87
7198082.0,02ma4wv74
7198083.0,01scyh794
7198083.0,03zd3ta61
7198084.0,01j9p1r26
7198085.0,03b94tp07
7198087.0,04bxa3v83
7198088.0,03s8xc553
7198088.0,04gtjhw98
7198088.0,01qzc0f54
7198088.0,03yh0n709
7198088.0,04gtjhw98
7198089.0,023hj5876
7198090.0,046ka3r30
7198090.0,03ayjn504
7198090.0,
7198091.0,01vevwk45
7198091.0,00cf0ab87
7198091.0,04gtjhw98
7198092.0,043bpky34
7198092.0,03xpwj629
7198092.0,043bpky34
7198093.0,020azk594
7198093.0,05ar8rn06
7198093.0,002b7nr53
7198093.0,002b7nr53
7198093.0,014c1mf08
7198094.0,02ttsq026
7198094.0,05591te55
7198094.0,00eae9z71
7198095.0,01kj4z117
7198095.0,02d06s578
7198096.0,00b30xv10
7198096.0,01j9p1r26
7198097.0,04qr3zq92
7198097.0,04qr3zq92
7198097.0,04qr3zq92
7198097.0,034z67559
7198098.0,03tqb8s11
7198098.0,04fht8c22
7198098.0,02ma4wv74
7198099.0,00cf0ab87
7198099.0,02e2c7k09
7198099.0,05f11g639
7198187.0,01kzn7k21
7198187.0,024c2fq17
7198187.0,00p991c53
7198188.0,00hn7w693
7198188.0,02vm5rt34
7198188.0,04qr3zq92
7198189.0,021a26605
7198190.0,04mkzax54
7198190.0,00n3w3b69
7198190.0,041j8js14
7198190.0,02ma4wv74
7198191.0,01xx18q52
7198192.0,02ws1xc11
7198194.0,04q6c7p66
7198194.0,01yqg2h08
7198194.0,00f1zfq44
7198194.0,
7198195.0,01g4vtd10
7198195.0,040c17130
7198196.0,01nffqt88
7198196.0,01yqg2h08
7198196.0,04en8wb91
7198196.0,
7198197.0,04c4dkn09
7198197.0,04c4dkn09
7198199.0,017zhmm22
7198199.0,0576gt767
7198199.0,03cve4549
7198200.0,01scyh794
7198201.0,041j8js14
7198201.0,02ma4wv74
7198201.0,04mkzax54
7198202.0,0091vmj44
7198204.0,03ceheh96
7198204.0,00xp9wg62
7198204.0,04en8wb91
7198205.0,0176yjw32
7198205.0,0176yjw32
7198205.0,00235nr42
7198206.0,0499b1896
7198207.0,002b7nr53
7198207.0,05ay23762
7198207.0,034t30j35
7198207.0,03bdmv123
7198207.0,056qj1t15
7198207.0,01r4q9n85
7198208.0,00f1zfq44
7198209.0,01scyh794
7198210.0,049tgcd06
7198211.0,0499b1896
7198211.0,0499b1896
7198211.0,012tb2g32
7198212.0,01yqg2h08
7198213.0,01xx18q52
7198213.0,0576gt767
7198213.0,04c4dkn09
7198214.0,03dgaqz26
7198214.0,04azbjn80
7198214.0,01a099706
7198214.0,00eae9z71
7198215.0,00seraz22
7198215.0,00seraz22
7198216.0,03bdmv123
7198216.0,037b1pp87
7198217.0,01gyxrk03
7198217.0,
7198218.0,0530pts50
7198218.0,0530pts50
7198219.0,036trcv74
7198219.0,053w1zy07
7198220.0,05bhada84
7198221.0,00af3sa43
7198221.0,0451xdy64
7198222.0,03c8fdb16
7198222.0,00892tw58
7198222.0,01scyh794
7198223.0,00892tw58
7198223.0,04s5mat29
7198223.0,037b1pp87
7198224.0,01dcw5w74
7198224.0,01kj4z117
7198225.0,0369pvp92
7198225.0,023hj5876
7198226.0,059ex5q34
7198226.0,059sp8j34
7198227.0,034t30j35
7198227.0,056qj1t15
7198227.0,05qbk4x57
7198228.0,00bb9ch64
7198229.0,0460jpj73
7198229.0,03y6k2j68
7198230.0,05nnsb240
7198230.0,02kta5139
7198231.0,00davry38
7198231.0,00xbw4a70
7198231.0,03sbzv212
7198231.0,059ex5q34
7198231.0,017rjh121
7198232.0,01kdzej58
7198232.0,01kdzej58
7198232.0,04azbjn80
7198232.0,002b7nr53
7198233.0,017zhmm22
7198234.0,03y3e3s17
7198234.0,037b1pp87
7198235.0,05290cv24
7198235.0,04vc81p87
7198236.0,0530pts50
7198236.0,0574der91
7198237.0,018hded08
7198237.0,018hded08
7198238.0,00cf0ab87
7198238.0,03bdmv123
7198238.0,00cf0ab87
7198239.0,02afcvw97
7198239.0,00cf0ab87
7198239.0,043bpky34
7198240.0,01a099706
7198240.0,00a2xv884
7198240.0,01h0g5x34
7198241.0,04t5xt781
7198241.0,0380ng272
7198241.0,00g2ypp58
7198241.0,00fdzcx89
7198242.0,00davry38
7198242.0,00xbw4a70
7198242.0,059ex5q34
7198242.0,00xbw4a70
7198243.0,04fht8c22
7198243.0,057qyqy03
7198243.0,0040axw97
7198243.0,04q78tk20
7198244.0,01wjejq96
7198244.0,02yj55q56
7198245.0,01kw6bd80
7198247.0,04zzdbj59
7198247.0,017tgbk05
7198247.0,04zzdbj59
7198247.0,042drmv40
7198247.0,02pf53x18
7198247.0,031rekg67
7198247.0,04q6c7p66
7198248.0,001hv0k59
7198249.0,037b1pp87
7198249.0,037b1pp87
7198250.0,01yqg2h08
7198251.0,00wk2mp56
7198251.0,04z7qrj66
7198251.0,02ht4fk33
7198252.0,03cve4549
7198252.0,03cve4549
7198252.0,03cve4549
7198252.0,03h33sq24
7198253.0,043bpky34
7198253.0,00e4hrk88
7198253.0,0220qvk04
7198253.0,034t30j35
7198253.0,03bdmv123
7198253.0,056qj1t15
7198254.0,01xx18q52
7198254.0,01tgyzw49
7198255.0,04pcdsm76
7198255.0,00g6cx256
7198255.0,04t5xt781
7198255.0,04zzdbj59
7198255.0,028rypz17
7198255.0,00skw9v43
7198256.0,00fjzqj15
7198256.0,006teas31
7198256.0,03f0f6041
7198256.0,02fj6b627
7198257.0,043bpky34
7198257.0,053w1zy07
7198258.0,03x80pn82
7198258.0,01yqg2h08
7198259.0,05hzn5427
7198259.0,00944ve71
7198260.0,04ksd4g47
7198297.0,04qyvz380
7198298.0,05x2bcf33
7198298.0,03vek6s52
7198299.0,03zsp3p94
7198300.0,05vt9qd57
7198300.0,03qxff017
7198301.0,00xkeyj56
7198302.0,05591te55
7198303.0,024d6js02
7198304.0,02nkdxk79
7198305.0,05ht0mh31
7198308.0,052r2xn60
7198308.0,02der9h97
7198309.0,02qnnz951
7198310.0,02gz6gg07
7198311.0,03zsp3p94
7198312.0,01dq60k83
7198313.0,
7198314.0,03mwgfy56
7198315.0,00240q980
7198316.0,028wp3y58
7198317.0,041nas322
7198318.0,027m9bs27
7198318.0,04gbpnx96
7198319.0,04mhzgx49
7198320.0,02kta5139
7198320.0,0245cg223
7198321.0,05ggc9x40
7198321.0,05bdn0q71
7198321.0,02feahw73
7198321.0,02n7qrg46
7198321.0,02n7qrg46
7198321.0,02krdtz55
7198322.0,01gyxrk03
7198322.0,03fk87k11
7198322.0,024d6js02
7198323.0,02ttsq026
7198324.0,051kpcy16
7198324.0,04zzdbj59
7198324.0,05sd5r855
7198325.0,01gaw2478
7198326.0,05bnh6r87
7198327.0,00ntfnx83
7198328.0,03mb6wj31
7198328.0,04d836q62
7198328.0,03prydq77
7198329.0,053wftt74
7198329.0,00mkhxb43
7198330.0,008x57b05
7198330.0,04nbhqj75
7198330.0,05f0rzm15
7198331.0,040af2s02
7198332.0,04dawnj30
7198333.0,00453a208
7198333.0,00453a208
7198334.0,005p9kw61
7198334.0,00pjdza24
7198335.0,02p77k626
7198336.0,028wp3y58
7198338.0,02zc85170
7198339.0,04atsbb87
7198339.0,04atsbb87
7198339.0,03m69ak30
7198340.0,02y5xdw18
7198340.0,00engpz63
7198340.0,03dcvf827
7198340.0,02gqgne03
7198340.0,01g9vbr38
7198340.0,020ddy191
7669598.0,04v76ef78
7669598.0,01y9bpm73
7800289.0,02vm5rt34
7800289.0,00b30xv10
7442286.0,041ndzj79
7442286.0,037b1pp87
7669596.0,0384j8v12
7637426.0,0384j8v12
7637426.0,00f54p054
7669597.0,05gq02987
7669597.0,00mcjh785
8016647.0,02d9gec76
8016647.0,02z0cah89
8006344.0,0091vmj44
8006344.0,00y4zzh67
7949357.0,02n43xw86
7949357.0,05vf56z40
7949358.0,003ncxf91
7792084.0,05qrfxd25
7792084.0,047pt5178
8006340.0,00a2xv884
8006340.0,01mv9t934
8006340.0,00a2xv884
8006340.0,00a2xv884
7949359.0,04h9pn542
7492711.0,029m2pd08
7967608.0,0107c5v14
7967608.0,040bzgy82
7967608.0,04zzdbj59
7967608.0,03ab0zs98
8009577.0,05ctdxz19
7949360.0,05en5nh73
7949360.0,05en5nh73
7949360.0,05en5nh73
8006341.0,056wyhh33
7937829.0,04dkp9463
7764910.0,053fq8t95
7880454.0,02xfp8v59
7880454.0,02jeykk09
8016648.0,02d9gec76
8016648.0,02z0cah89
8016648.0,01460j859
7565384.0,04wffgt70
7565384.0,01c27hj86
8006342.0,00seraz22
7516579.0,02dn9h927
7516579.0,00x5je630
7923122.0,04zaypm56
7923122.0,03m0n3c07
7882507.0,02njgxr09
7837302.0,04c4dkn09
7837302.0,05ar8rn06
7837302.0,04zj2bd87
8006343.0,00wdq3744
7987719.0,01mkqqe32
7987719.0,01ba3f557
7987719.0,0220qvk04
7669586.0,00aad7q36
7669586.0,03xrrjk67
7669586.0,00mv6sv71
7956611.0,00mkhxb43
7956611.0,01rxvg760
7669592.0,04sjchr03
7283036.0,00wjc7c48
7283036.0,012ajp527
7220509.0,0576vga12
7051863.0,04h699437
7596617.0,05cgtjz78
7340594.0,02n7qrg46
7340594.0,03fk87k11
7340594.0,05xefg082
7340594.0,05xefg082
7340594.0,0245c5212
7340594.0,02kta5139
7596617.0,01aff2v68
7563755.0,02wgx3e98
7530645.0,0558j5q12
7563755.0,02ma4wv74
7442284.0,04d5vba33
7442284.0,05pckj715
7039558.0,01rk35k63
7039558.0,029brtt94
7039558.0,029brtt94
7039558.0,02feahw73
7039558.0,01ekw7f87
7039558.0,04dcc3438
7039558.0,01ekw7f87
7702812.0,01cs0jg44
7702812.0,01070mq45
7702812.0,01070mq45
7702812.0,01cs0jg44
7669594.0,0563pg902
7669594.0,038a1tp19
7669594.0,00g0p6g84
7669594.0,02rxc7m23
7669594.0,04fa64g55
7669595.0,00pgy3a44
7669595.0,02495e989
7669595.0,00zdnkx70
7669591.0,05fg6gr82
7669591.0,05fg6gr82
7669590.0,04f2nsd36
7669588.0,04t5xt781
7669588.0,03xrrjk67
7669587.0,03xrrjk67
7669587.0,03xrrjk67
7975827.0,0411seq30
7975827.0,0411seq30
7285746.0,05rrcem69
7989117.0,00pg6eq24
7989117.0,0524sp257
7989117.0,01a77tt86
7989117.0,04f2nsd36
7949353.0,05sj3n476
7949353.0,05sj3n476
7949353.0,01hcx6992
7949353.0,046vhnd58
8006337.0,0091vmj44
7490793.0,03cq4gr50
7949354.0,04h9pn542
7949354.0,01p2bvc62
7949354.0,05x2bcf33
7949354.0,05apxxy63
7735620.0,01vyrm377
7735620.0,01vyrm377
7735620.0,
7949356.0,02y0rxk19
7949356.0,01y1kjr75
8006339.0,041re0e60
6676105.0,01ej9dk98
6676105.0,01rxfrp27
6676106.0,04d4sd432
6676107.0,01e7v7w47
6676107.0,00965bg92
6676107.0,02tr8q829
6676108.0,03wdrmh81
6676109.0,053p3yv46
6676110.0,036rp1748
6676110.0,00kz6qq24
6676111.0,05pg2cw06
6676112.0,04gzbav43
6676113.0,044yd9t77
6676113.0,0081fs513
6676113.0,03cqe8w59
6676113.0,04t730v47
6676113.0,00k3smk02
6676113.0,00822yn93
6676114.0,012ajp527
6676115.0,03stptj97
6676116.0,02s8k0k61
6676116.0,01j9p1r26
6676117.0,0106qb496
6676117.0,0106qb496
6676118.0,05g1mh260
6676119.0,
6676119.0,01kzjzn40
6676120.0,01kzjzn40
6676120.0,04d4sd432
6676141.0,033vjfk17
6676141.0,
6676142.0,013q1eq08
6676357.0,02nkdxk79
6676357.0,02nkdxk79
6676357.0,05vzafd60
6676357.0,02smfhw86
6676358.0,00pd74e08
6676359.0,03f0f6041
6676359.0,00vtgdb53
6676359.0,01ej9dk98
6676360.0,0030zas98
6676360.0,0030zas98
6676360.0,0040axw97
6676361.0,02gfys938
6676362.0,03v76x132
6676363.0,01j0ds221
6676363.0,03yj89h83
6676364.0,023znxa73
6676364.0,042bbge36
6676364.0,023bq8521
6676364.0,04b1sh213
6676364.0,05nda1d55
6676364.0,05v509s40
6676364.0,059wqqf58
6676365.0,01r0k6965
6676365.0,00q6h8f30
6676365.0,05xvt9f17
6676365.0,05wg1m734
6676366.0,035rzkx15
6676366.0,05qpz1x62
6676367.0,00q6h8f30
6676367.0,008xxew50
6676367.0,00q6h8f30
6676368.0,00p7p3302
6676368.0,
6676368.0,01kd65564
6676369.0,024z2rq82
6676370.0,04f2nsd36
6676371.0,031vc2293
6676372.0,00hn7w693
6676372.0,03q8dnn23
6676373.0,022jz8688
6676374.0,01scyh794
6676374.0,023b72294
6676375.0,00a2xv884
6676375.0,03a33a786
6676375.0,04zzdbj59
6676375.0,00n7gwn90
6676375.0,028rypz17
6676375.0,00skw9v43
6676375.0,02d19mr69
6676376.0,05yc6p159
6676376.0,04hyzq608
6676376.0,04gtjhw98
6676377.0,0530pts50
6676378.0,04c4dkn09
6676378.0,01qx47e88
6676379.0,02z0cah89
6676379.0,051fd9666
6676379.0,0553yr311
6676380.0,00wk2mp56
6676380.0,00wk2mp56
6676381.0,03e29r284
6676382.0,00wk2mp56
6676384.0,023znxa73
6676385.0,0419nfc77
6676386.0,00892tw58
6676386.0,043bpky34
6676386.0,03m96p165
6676386.0,04s5mat29
6676387.0,03kv08d37
6676387.0,037b1pp87
6676388.0,0203c2755
6676388.0,04mkzax54
6676389.0,04mkzax54
6676389.0,04s5mat29
6676389.0,03b94tp07
6676389.0,00892tw58
6676390.0,047dqcg40
6676390.0,05syseh24
6676390.0,056tn4839
6676391.0,03qvtpc38
6676391.0,0433kqc49
6676473.0,03aydme10
6676473.0,005ta0471
6676474.0,00wdq3744
6676474.0,05t4pvx35
6676475.0,022kvet57
6676477.0,01x8hew03
6676477.0,0276rjc88
6676478.0,00saywf64
6676479.0,05vmv8m79
6676479.0,04cvxnb49
6676479.0,00d3pnh21
6676479.0,05rbd6k73
6676479.0,00n1nz186
6836368.0,037b1pp87
7113793.0,047w75g40
7113793.0,00rb2rb24
7118849.0,05syd6y78
7118849.0,01r9htc13
7118849.0,041akq887
7119981.0,01drq0835
7119981.0,021xbwv17
7190282.0,02xzytt36
7190282.0,02xzytt36
7190282.0,02xzytt36
7190282.0,02xzytt36
7211762.0,00nt41z93
7211762.0,048tbm396
7212523.0,022k4wk35
7212523.0,03hsf0573
7236912.0,03y3e3s17
7242566.0,00rs6vg23
7242566.0,00xzqjh13
7242568.0,01wjn2x92
7242568.0,05td1pb92
7242568.0,05je2tx78
7242568.0,05td1pb92
7242568.0,021nxhr62
7242568.0,02dqehb95
7307001.0,
7307001.0,02hpadn98
7307001.0,02jkmyk67
7327033.0,01p2bvc62
7333278.0,05sj3n476
7347171.0,017zqws13
7347171.0,017zqws13
7349802.0,00nhtcg76
7349802.0,029cgt552
7369901.0,05256ym39
7369902.0,
7381845.0,0530pts50
7381845.0,0030zas98
7381845.0,04azbjn80
7395021.0,029pk6x14
7395021.0,05kyq2m47
7411988.0,0304hq317
7415945.0,006gksa02
7443109.0,04zyhq975
7443109.0,03tgsfw79
7443109.0,04cyy9943
7443436.0,00rqy9422
7443436.0,00za53h95
7443437.0,01xtthb56
7443437.0,05bnh6r87
7443438.0,04mhzgx49
7443438.0,05ynf4333
7443438.0,05tkyf982
7443439.0,05x2bcf33
7443439.0,001tmjg57
7443441.0,04g2vpn86
7443441.0,04cw6st05
7467968.0,047gc3g35
7467968.0,0460jpj73
7467969.0,033yfkj90
7467970.0,00pt3xy74
7467970.0,00jjx8s55
7467970.0,03xjwb503
7467970.0,03mkjjy25
7467970.0,00qyswv14
7467970.0,03crmsn52
7467970.0,01yjzw780
7467971.0,01m59r132
7467974.0,01460j859
7467974.0,04t3en479
7467974.0,04t3en479
7467974.0,00xzqjh13
7467974.0,02ws1xc11
7470720.0,04qr5t414
7470720.0,013e0zm98
7470720.0,04qr3zq92
7470720.0,007wym039
7470721.0,02wnxgj78
7470721.0,04fht8c22
7470721.0,04q78tk20
7470721.0,057qyqy03
7470724.0,00engpz63
7470724.0,02ma4wv74
7470724.0,050ktqq97
7470843.0,03ayjn504
7473177.0,024mw5h28
7510780.0,03ypqe447
7510780.0,04tj63d06
7510782.0,05qvskn85
7533551.0,05qrfxd25
7533551.0,00dzbg839
7533551.0,047pt5178
7533551.0,051mv2k59
7533551.0,01yy74248
7533840.0,03c4atk17
7563650.0,04s5mat29
7563650.0,01vyrm377
7588400.0,041kmwe10
7588400.0,00987cb86
7588400.0,05smycf36
7603384.0,04vgbd477
7610603.0,02cm65z11
7610603.0,02ksmb993
7610604.0,01xc5jm57
7610604.0,02cm65z11
7610604.0,02ksmb993
7623979.0,00xsr9m91
7624884.0,02kzqn938
7624884.0,04zzdbj59
7624884.0,01x441g73
7624884.0,017h2rd72
7624884.0,01wzvw032
7624884.0,02s56xp85
7624884.0,023znxa73
7624884.0,02kzqn938
7624884.0,04zzdbj59
7624884.0,01x441g73
7624884.0,05cbrk226
7624884.0,05vrs3189
7624885.0,00987cb86
7624885.0,023znxa73
7624885.0,002v2kq79
7624886.0,045rvh172
7624886.0,023znxa73
7624886.0,04p6eac84
7624886.0,05f1vtb90
7624886.0,01grm2d66
7624886.0,02tythz78
7624888.0,04fzm7v55
7624888.0,00s4rmz74
7624888.0,023znxa73
7628437.0,03qryx823
7628437.0,03qryx823
7656049.0,03dzc0485
7658250.0,017tgbk05
7658250.0,04zzdbj59
7658250.0,017tgbk05
7658250.0,01h8pf755
7658250.0,014vp6c30
7658250.0,057qpr032
7658250.0,04zzdbj59
7658250.0,054qv7y42
7666423.0,
7666423.0,015m7wh34
7666423.0,04zzdbj59
7666423.0,05y76vp22
7687709.0,022k4wk35
7687709.0,05vt9qd57
7687709.0,02gz6gg07
7691034.0,001q4kn48
7724483.0,0558j5q12
7731307.0,00xsfaz62
7731307.0,01dzed356
7731307.0,03ceheh96
7733893.0,01460j859
7733893.0,03ceheh96
7733893.0,0555ezg60
7736286.0,00s13br28
7736286.0,04fzm7v55
7767795.0,04vmvtb21
7767795.0,03anc3s24
7767795.0,05a94k872
7798483.0,05crs8s98
7799176.0,01yj56c84
7799176.0,03et85d35
7804933.0,010pmpe69
7840114.0,045rvh172
7885918.0,014zrew76
7885918.0,03y0qc033
7890231.0,02rsxaa93
7890231.0,02j8pe645
7890231.0,04wnheq77
7890231.0,04jtrvy64
7890232.0,02sehzp52
7890233.0,03h5rdc49
7890234.0,03q92e557
7890237.0,02sehzp52
7890238.0,03h5rdc49
7899952.0,0499b1896
7899952.0,00hn7w693
7919072.0,04jr1s763
7919072.0,01nffqt88
7919097.0,02rjhbb08
7935781.0,02hpadn98
7935781.0,02jkmyk67
7935781.0,034t30j35
7935781.0,02hpadn98
7935781.0,013q1eq08
7959798.0,04f81fm77
8001227.0,029cgt552
8005424.0,04ee58018
8011472.0,01111rn36
8011472.0,01nzkaw91
8011472.0,00vtgdb53
8011473.0,
8011473.0,04t5xt781
8011473.0,01mz2wq83
8011485.0,027bh9e22
8011485.0,04dkp9463
7198962.0,00ghjek97
7198962.0,02smfhw86
7198962.0,04p491231
7198963.0,043nxc105
7198964.0,01c27hj86
7198964.0,02xankh89
7198964.0,04rs3t968
7198964.0,014837179
7198965.0,03f3kev64
7198965.0,05ww3wq27
7198965.0,04e8jbs38
7198966.0,027mhn368
7198966.0,0432jq872
7198967.0,05rdf8595
7198968.0,04qb8nc58
7198968.0,02f9det96
7198969.0,02nkf1q06
7198969.0,03877wr45
7198970.0,00hj54h04
7198970.0,02vh8a032
7198973.0,01nffqt88
7198974.0,03ydkyb10
7198974.0,057zh3y96
7198977.0,0546v5182
7198977.0,02feahw73
7198977.0,043n4fm24
7198977.0,043n4fm24
7198978.0,01x8hew03
7198978.0,01b5dy719
7198979.0,05e5kd476
7198980.0,01rfnc002
7198980.0,042aqky30
7198981.0,02aaqv166
7198982.0,02p0gd045
7198982.0,00ajckn66
7198982.0,00ajckn66
7198983.0,01k97gp34
7198983.0,042aqky30
7198984.0,03dbr7087
7198984.0,03dbr7087
7198985.0,02ma57s91
7198985.0,012pnb193
7198985.0,00h9jrb69
7198985.0,03qgt2624
7198985.0,00z5s8133
7198985.0,012tb2g32
7198985.0,018q3fa22
7198985.0,01fz7mn40
7198985.0,031y5kf09
7198986.0,02kkvpp62
7198986.0,01pxwe438
7198987.0,04ers2y35
7198987.0,02aaqv166
7198987.0,02nwvxz07
7198987.0,033n9gh91
7198988.0,017z4ep79
7198989.0,01keh0577
7198990.0,01ynf4891
7198990.0,0197nmd03
7198991.0,00mx91s63
7198992.0,00fbnyb24
7198992.0,01ee9ar58
7198993.0,02xrw9r68
7198994.0,005t9n460
7198994.0,006hf6230
7198994.0,01fz7mn40
7198995.0,039bjqg32
7198996.0,03snqfa66
7198996.0,02xrw9r68
7198996.0,03c4mmv16
7198997.0,05qghxh33
7198997.0,02gz6gg07
7198998.0,04xhy8q59
7199016.0,02be6w209
7199016.0,02k9vew78
7199017.0,04jr1s763
7199017.0,02rnys730
7199017.0,00xa57a59
7199018.0,00bgk9508
7199018.0,02k7wn190
7199019.0,04zaypm56
7199019.0,000bcd992
7199019.0,04zaypm56
7199019.0,00ygy3d85
7199020.0,01papkj44
7199020.0,05n2cz176
7199021.0,01kzn7k21
7199021.0,03n2mgj60
7199021.0,02jeykk09
7199022.0,05v2p9075
7199022.0,019787q29
7199022.0,04kwvgz42
7199023.0,057qfs197
7199023.0,05ajnv358
7199024.0,03b9y4e65
7199024.0,01k8vtd75
7199025.0,03kw9gc02
7199026.0,046nf9z89
7199027.0,01kzn7k21
7199027.0,02cc4gc68
7199028.0,029gksw03
7199028.0,05hsgex59
7199029.0,017ebfz38
7199030.0,03b9y4e65
7199031.0,05hsgex59
7199032.0,03te4vd35
7199033.0,01kzn7k21
7199033.0,01jw2p796
7199034.0,05pg2cw06
7199035.0,02nkz4493
7199036.0,040gykh71
7199039.0,02ma4wv74
7199039.0,01q6sg345
7199039.0,03jwcxq96
7199040.0,00g6ka752
7199041.0,01by29f02
7199042.0,01zhwwf82
7199043.0,006wtk122
7199043.0,045rvh172
7199047.0,022zbs961
7199048.0,03kw9gc02
7199054.0,03mtwkv54
7199054.0,04gzb2213
7199055.0,01y0j0j86
7199055.0,05g13zd79
7199056.0,05gbn2817
7199056.0,00cvv0r95
7199056.0,05gq02987
7199057.0,03sxpbt26
7199057.0,00js3aw79
7199057.0,00js3aw79
7199058.0,051jrjw38
7199058.0,006v63s16
7199058.0,01q6sg345
7199059.0,01drq0835
7199059.0,01kzn7k21
7199059.0,00af3sa43
7199059.0,01kzn7k21
7199059.0,027m9bs27
7199059.0,01drq0835
7199060.0,00davry38
7199060.0,03tamv273
7199060.0,00davry38
7199060.0,00davry38
7199060.0,03tamv273
7199060.0,04msk6077
7199061.0,04h1w2j35
7199062.0,017zhmm22
7199063.0,00pt8r998
7199063.0,03cqe8w59
7199063.0,032cf8m89
7199064.0,01bdr6121
7199065.0,041sj0284
7199065.0,01scyh794
7199066.0,00hj54h04
7199066.0,0034eay46
7199066.0,00t33hh48
7199066.0,02p6aa271
7199067.0,01km6p862
7199067.0,01hhf7w52
7199068.0,02egmk993
7199068.0,03pnv4752
7199069.0,023hj5876
7199069.0,013x79k46
7199069.0,023hj5876
7199069.0,047272k79
7199069.0,04ypx8c21
7199070.0,04ypx8c21
7199071.0,01fvbaw18
7199071.0,01qckj285
7199072.0,00g6ka752
7199072.0,05hsgex59
7199072.0,01e7e7r31
7199073.0,005781934
7199116.0,00eae9z71
7199117.0,01dcw5w74
7199117.0,05r8dqr10
7199117.0,011ashp19
7199118.0,00q2w1j53
7199118.0,03b21sh32
7199118.0,02vygm709
7199119.0,04zzdbj59
7199119.0,042h2y225
7199119.0,035xkbk20
7199119.0,04zzdbj59
7199119.0,040baw385
7199119.0,042h2y225
7199119.0,0161xgx34
7199120.0,037s24f05
7199120.0,049pfb863
7199121.0,00h9jx107
7199121.0,02kzqn938
7199121.0,043n4fm24
7199121.0,05qrfxd25
7199121.0,033zpbv42
7199121.0,03zeg8w71
7199122.0,02en5vm52
7199122.0,05f82e368
7199122.0,04zzdbj59
7199122.0,02vnd0e65
7199122.0,00h1x4t21
7199122.0,03v4gjf40
7199123.0,00m6w7z96
7199124.0,052gg0110
7199124.0,03mkjjy25
7199124.0,04k5jw363
7199125.0,04p491231
7199125.0,03qxff017
7199126.0,
7199126.0,01j7nq853
7199127.0,026vcq606
7199128.0,02jx3x895
7199128.0,0090zs177
7199128.0,03angcq70
7199128.0,047426m28
7199128.0,04dkp9463
7199129.0,03gsvvm69
7199130.0,01jn5wy42
7199130.0,02ght4n58
7199130.0,01vrz7264
7199130.0,052bz7812
7199130.0,013cjyk83
7199131.0,01nffqt88
7199131.0,05trd4x28
7199133.0,02p5xjf12
7199134.0,05290cv24
7199135.0,0137n4m74
7199135.0,05kr7zx86
7199135.0,02v80fc35
7199136.0,05kc6dc21
7199137.0,05ynxx418
7199139.0,0176yjw32
7199139.0,02nhmp827
7199140.0,02nhmp827
7199141.0,04t5xt781
7199142.0,
7199142.0,05gqaka33
7199143.0,03rp50x72
7199144.0,015h0qg34
7199144.0,04v3ywz14
7199144.0,01c27hj86
7199145.0,01jdpyv68
7199145.0,04nt8b154
7199146.0,00eftnx64
7199146.0,00eftnx64
7199237.0,00f54p054
7199238.0,01ee9ar58
7199239.0,03angcq70
7199239.0,02ttsq026
7199239.0,00bgk9508
7199239.0,036266993
7199240.0,04rswrd78
7199240.0,05gq02987
7199240.0,04rswrd78
7199241.0,037wpkx04
7199241.0,037wpkx04
7199241.0,037wpkx04
7199241.0,037wpkx04
7199242.0,00f7hpc57
7199243.0,04nm9ed20
7199243.0,02xrb7c43
7199244.0,00m6w7z96
7199244.0,03wpppw84
7199244.0,01dq60k83
7199245.0,02zhqgq86
7199246.0,01y2jtd41
7199247.0,023hj5876
7199247.0,00b6h0x02
7199247.0,02czkny70
7199247.0,018hded08
7199247.0,03kd9rr37
7199248.0,05tw0wf88
7199248.0,041kmwe10
7199250.0,00m6w7z96
7199250.0,023hj5876
7199250.0,023hj5876
7199250.0,00b6h0x02
7199250.0,04jcykh16
7199250.0,036wvzt09
7199251.0,03r8z3t63
7199251.0,01aff2v68
7199251.0,01aff2v68
7199252.0,00f54p054
7199252.0,041nk4h53
7199252.0,041nk4h53
7199253.0,03r8z3t63
7199253.0,03f0f6041
7199254.0,052r2xn60
7199254.0,03anc3s24
7199254.0,05a94k872
7199255.0,017tgbk05
7199255.0,01h8pf755
7199255.0,04zzdbj59
7199255.0,021f0sa24
7199255.0,03q35y927
7199255.0,01rk35k63
7199255.0,050jn9y42
7199255.0,04zzdbj59
7199255.0,00m4rxj18
7199255.0,02pp21x07
7199255.0,017tgbk05
7199255.0,04gyj6s21
7199255.0,051475v86
7199255.0,00bq8vv83
7199255.0,042drmv40
7199255.0,04zzdbj59
7199255.0,021f0sa24
7199255.0,040smqw14
7199256.0,03taz7m60
7199256.0,01rtyzb94
7199257.0,03x80pn82
7199257.0,03nh7d505
7199257.0,01txvbn74
7199257.0,04zzdbj59
7199258.0,01qcq9d74
7199258.0,04h9pn542
7199258.0,0227as991
7199259.0,03ej8a714
7199259.0,02bfwt286
7199260.0,0220qvk04
7199260.0,035xkbk20
7199260.0,04zzdbj59
7199260.0,040baw385
7199260.0,0112mx960
7199261.0,00jmfr291
7199262.0,05b210c34
7199262.0,05b210c34
7199262.0,00vtgdb53
7199263.0,04jcykh16
7199263.0,023hj5876
7199263.0,00b6h0x02
7199263.0,023hj5876
7199263.0,02der9h97
7199263.0,00m6w7z96
7199264.0,05qwgg493
7199264.0,03taz7m60
7199264.0,01apwpt12
7199265.0,05vf56z40
7199266.0,02dn7x778
7199266.0,02b6c1039
7199267.0,
7199267.0,00hj54h04
7199267.0,047rhhm47
7199267.0,042nb2s44
7199268.0,03m2x1q45
7199268.0,01wd4xt90
7199269.0,04yqw9c44
7199270.0,02e2c7k09
7199270.0,00240q980
7199271.0,044k9ta02
7199272.0,037s24f05
7199272.0,01an3r305
7199272.0,02smfhw86
7199273.0,00jc20583
7199273.0,01q1z8k08
7199273.0,05hffr360
7199274.0,02s376052
7199274.0,05x2bcf33
7199274.0,00mcjh785
7199274.0,00mcjh785
7199274.0,00mcjh785
7199275.0,033bb5z47
7199275.0,01drq0835
7199275.0,01drq0835
7199276.0,05wn69s11
7199276.0,05wn69s11
7199276.0,
7199277.0,04ypx8c21
7199277.0,04ypx8c21
7199277.0,02n415q13
7199278.0,04teye511
7199278.0,
7199278.0,04teye511
7199278.0,00f54p054
7199278.0,00b30xv10
7199279.0,01rtyzb94
7199279.0,01rtyzb94
7199280.0,04d23a975
7199281.0,05kb8h459
7199281.0,023hj5876
7199282.0,04qr3zq92
7199283.0,01zkghx44
7199283.0,01zkghx44
7199284.0,023hj5876
7199284.0,023hj5876
7199284.0,00b6h0x02
7199285.0,01zkghx44
7199285.0,00ty2a548
7199286.0,03ftejk10
7199286.0,05256ym39
7199286.0,010pmpe69
7199287.0,02e7b5302
7199287.0,02e7b5302
7199288.0,00apj8t60
7199288.0,00apj8t60
7199289.0,00z0kq074
7199289.0,00z0kq074
7199289.0,00z0kq074
7199289.0,0079gpv38
7199290.0,03svthf85
7199290.0,035h3r191
7199291.0,02n9z0v62
7199292.0,01s7y5e82
7199293.0,034t30j35
7199293.0,034t30j35
7199293.0,02xtbq882
7199293.0,05bqach95
7199293.0,038t36y30
7199293.0,02kpeqv85
7199293.0,01dq60k83
7199293.0,02chw6z69
7199294.0,03wq36r11
7199294.0,02ytfzr55
7199295.0,038t36y30
7208737.0,04xfq0f34
,
,
,
,
,
,
